sample,fastq_1,fastq_2,condition
SRX13037862,s3://steveyost-seqera/Cvirg_Pmarinus/fetchngs/fastq/SRX13037862_SRR16844801.fastq.gz,,tolerant
SRX13037863,s3://steveyost-seqera/Cvirg_Pmarinus/fetchngs/fastq/SRX13037863_SRR16844800.fastq.gz,,tolerant
SRX13037864,s3://steveyost-seqera/Cvirg_Pmarinus/fetchngs/fastq/SRX13037864_SRR16844799.fastq.gz,,tolerant
SRX13037865,s3://steveyost-seqera/Cvirg_Pmarinus/fetchngs/fastq/SRX13037865_SRR16844798.fastq.gz,,tolerant
SRX13037866,s3://steveyost-seqera/Cvirg_Pmarinus/fetchngs/fastq/SRX13037866_SRR16844797.fastq.gz,,tolerant
SRX13037867,s3://steveyost-seqera/Cvirg_Pmarinus/fetchngs/fastq/SRX13037867_SRR16844796.fastq.gz,,sensitive
SRX13037868,s3://steveyost-seqera/Cvirg_Pmarinus/fetchngs/fastq/SRX13037868_SRR16844795.fastq.gz,,sensitive
SRX13037869,s3://steveyost-seqera/Cvirg_Pmarinus/fetchngs/fastq/SRX13037869_SRR16844794.fastq.gz,,sensitive
SRX13037870,s3://steveyost-seqera/Cvirg_Pmarinus/fetchngs/fastq/SRX13037870_SRR16844793.fastq.gz,,sensitive
SRX13037871,s3://steveyost-seqera/Cvirg_Pmarinus/fetchngs/fastq/SRX13037871_SRR16844792.fastq.gz,,sensitive
SRX18040004,s3://steveyost-seqera/Cvirg_Pmarinus/fetchngs/fastq/SRX18040004_SRR22059187_1.fastq.gz,s3://steveyost-seqera/Cvirg_Pmarinus/fetchngs/fastq/SRX18040004_SRR22059187_2.fastq.gz,tolerant
SRX18040005,s3://steveyost-seqera/Cvirg_Pmarinus/fetchngs/fastq/SRX18040005_SRR22059186_1.fastq.gz,s3://steveyost-seqera/Cvirg_Pmarinus/fetchngs/fastq/SRX18040005_SRR22059186_2.fastq.gz,tolerant
SRX18040006,s3://steveyost-seqera/Cvirg_Pmarinus/fetchngs/fastq/SRX18040006_SRR22059167_1.fastq.gz,s3://steveyost-seqera/Cvirg_Pmarinus/fetchngs/fastq/SRX18040006_SRR22059167_2.fastq.gz,tolerant
SRX18040007,s3://steveyost-seqera/Cvirg_Pmarinus/fetchngs/fastq/SRX18040007_SRR22059185_1.fastq.gz,s3://steveyost-seqera/Cvirg_Pmarinus/fetchngs/fastq/SRX18040007_SRR22059185_2.fastq.gz,sensitive
SRX18040008,s3://steveyost-seqera/Cvirg_Pmarinus/fetchngs/fastq/SRX18040008_SRR22059184_1.fastq.gz,s3://steveyost-seqera/Cvirg_Pmarinus/fetchngs/fastq/SRX18040008_SRR22059184_2.fastq.gz,tolerant
SRX18040009,s3://steveyost-seqera/Cvirg_Pmarinus/fetchngs/fastq/SRX18040009_SRR22059183_1.fastq.gz,s3://steveyost-seqera/Cvirg_Pmarinus/fetchngs/fastq/SRX18040009_SRR22059183_2.fastq.gz,tolerant
SRX18040010,s3://steveyost-seqera/Cvirg_Pmarinus/fetchngs/fastq/SRX18040010_SRR22059182_1.fastq.gz,s3://steveyost-seqera/Cvirg_Pmarinus/fetchngs/fastq/SRX18040010_SRR22059182_2.fastq.gz,tolerant
SRX18040011,s3://steveyost-seqera/Cvirg_Pmarinus/fetchngs/fastq/SRX18040011_SRR22059181_1.fastq.gz,s3://steveyost-seqera/Cvirg_Pmarinus/fetchngs/fastq/SRX18040011_SRR22059181_2.fastq.gz,tolerant
SRX18040012,s3://steveyost-seqera/Cvirg_Pmarinus/fetchngs/fastq/SRX18040012_SRR22059180_1.fastq.gz,s3://steveyost-seqera/Cvirg_Pmarinus/fetchngs/fastq/SRX18040012_SRR22059180_2.fastq.gz,tolerant
SRX18040013,s3://steveyost-seqera/Cvirg_Pmarinus/fetchngs/fastq/SRX18040013_SRR22059179_1.fastq.gz,s3://steveyost-seqera/Cvirg_Pmarinus/fetchngs/fastq/SRX18040013_SRR22059179_2.fastq.gz,sensitive
SRX18040014,s3://steveyost-seqera/Cvirg_Pmarinus/fetchngs/fastq/SRX18040014_SRR22059178_1.fastq.gz,s3://steveyost-seqera/Cvirg_Pmarinus/fetchngs/fastq/SRX18040014_SRR22059178_2.fastq.gz,sensitive
SRX18040015,s3://steveyost-seqera/Cvirg_Pmarinus/fetchngs/fastq/SRX18040015_SRR22059177_1.fastq.gz,s3://steveyost-seqera/Cvirg_Pmarinus/fetchngs/fastq/SRX18040015_SRR22059177_2.fastq.gz,sensitive
SRX18040016,s3://steveyost-seqera/Cvirg_Pmarinus/fetchngs/fastq/SRX18040016_SRR22059176_1.fastq.gz,s3://steveyost-seqera/Cvirg_Pmarinus/fetchngs/fastq/SRX18040016_SRR22059176_2.fastq.gz,sensitive
SRX18040017,s3://steveyost-seqera/Cvirg_Pmarinus/fetchngs/fastq/SRX18040017_SRR22059175_1.fastq.gz,s3://steveyost-seqera/Cvirg_Pmarinus/fetchngs/fastq/SRX18040017_SRR22059175_2.fastq.gz,tolerant
SRX18040018,s3://steveyost-seqera/Cvirg_Pmarinus/fetchngs/fastq/SRX18040018_SRR22059174_1.fastq.gz,s3://steveyost-seqera/Cvirg_Pmarinus/fetchngs/fastq/SRX18040018_SRR22059174_2.fastq.gz,tolerant
SRX18040019,s3://steveyost-seqera/Cvirg_Pmarinus/fetchngs/fastq/SRX18040019_SRR22059173_1.fastq.gz,s3://steveyost-seqera/Cvirg_Pmarinus/fetchngs/fastq/SRX18040019_SRR22059173_2.fastq.gz,tolerant
SRX18040020,s3://steveyost-seqera/Cvirg_Pmarinus/fetchngs/fastq/SRX18040020_SRR22059172_1.fastq.gz,s3://steveyost-seqera/Cvirg_Pmarinus/fetchngs/fastq/SRX18040020_SRR22059172_2.fastq.gz,tolerant
SRX18040021,s3://steveyost-seqera/Cvirg_Pmarinus/fetchngs/fastq/SRX18040021_SRR22059171_1.fastq.gz,s3://steveyost-seqera/Cvirg_Pmarinus/fetchngs/fastq/SRX18040021_SRR22059171_2.fastq.gz,sensitive
SRX18040022,s3://steveyost-seqera/Cvirg_Pmarinus/fetchngs/fastq/SRX18040022_SRR22059170_1.fastq.gz,s3://steveyost-seqera/Cvirg_Pmarinus/fetchngs/fastq/SRX18040022_SRR22059170_2.fastq.gz,sensitive
SRX18040023,s3://steveyost-seqera/Cvirg_Pmarinus/fetchngs/fastq/SRX18040023_SRR22059169_1.fastq.gz,s3://steveyost-seqera/Cvirg_Pmarinus/fetchngs/fastq/SRX18040023_SRR22059169_2.fastq.gz,sensitive
SRX18040024,s3://steveyost-seqera/Cvirg_Pmarinus/fetchngs/fastq/SRX18040024_SRR22059168_1.fastq.gz,s3://steveyost-seqera/Cvirg_Pmarinus/fetchngs/fastq/SRX18040024_SRR22059168_2.fastq.gz,sensitive
SRX18040025,s3://steveyost-seqera/Cvirg_Pmarinus/fetchngs/fastq/SRX18040025_SRR22059165_1.fastq.gz,s3://steveyost-seqera/Cvirg_Pmarinus/fetchngs/fastq/SRX18040025_SRR22059165_2.fastq.gz,tolerant
SRX18040026,s3://steveyost-seqera/Cvirg_Pmarinus/fetchngs/fastq/SRX18040026_SRR22059164_1.fastq.gz,s3://steveyost-seqera/Cvirg_Pmarinus/fetchngs/fastq/SRX18040026_SRR22059164_2.fastq.gz,tolerant
SRX18040027,s3://steveyost-seqera/Cvirg_Pmarinus/fetchngs/fastq/SRX18040027_SRR22059163_1.fastq.gz,s3://steveyost-seqera/Cvirg_Pmarinus/fetchngs/fastq/SRX18040027_SRR22059163_2.fastq.gz,tolerant
SRX18040028,s3://steveyost-seqera/Cvirg_Pmarinus/fetchngs/fastq/SRX18040028_SRR22059161_1.fastq.gz,s3://steveyost-seqera/Cvirg_Pmarinus/fetchngs/fastq/SRX18040028_SRR22059161_2.fastq.gz,sensitive
SRX18040029,s3://steveyost-seqera/Cvirg_Pmarinus/fetchngs/fastq/SRX18040029_SRR22059160_1.fastq.gz,s3://steveyost-seqera/Cvirg_Pmarinus/fetchngs/fastq/SRX18040029_SRR22059160_2.fastq.gz,sensitive
SRX18040030,s3://steveyost-seqera/Cvirg_Pmarinus/fetchngs/fastq/SRX18040030_SRR22059159_1.fastq.gz,s3://steveyost-seqera/Cvirg_Pmarinus/fetchngs/fastq/SRX18040030_SRR22059159_2.fastq.gz,sensitive
SRX18040031,s3://steveyost-seqera/Cvirg_Pmarinus/fetchngs/fastq/SRX18040031_SRR22059162_1.fastq.gz,s3://steveyost-seqera/Cvirg_Pmarinus/fetchngs/fastq/SRX18040031_SRR22059162_2.fastq.gz,tolerant
SRX18040032,s3://steveyost-seqera/Cvirg_Pmarinus/fetchngs/fastq/SRX18040032_SRR22059158_1.fastq.gz,s3://steveyost-seqera/Cvirg_Pmarinus/fetchngs/fastq/SRX18040032_SRR22059158_2.fastq.gz,tolerant
SRX18040033,s3://steveyost-seqera/Cvirg_Pmarinus/fetchngs/fastq/SRX18040033_SRR22059157_1.fastq.gz,s3://steveyost-seqera/Cvirg_Pmarinus/fetchngs/fastq/SRX18040033_SRR22059157_2.fastq.gz,tolerant
SRX18040034,s3://steveyost-seqera/Cvirg_Pmarinus/fetchngs/fastq/SRX18040034_SRR22059156_1.fastq.gz,s3://steveyost-seqera/Cvirg_Pmarinus/fetchngs/fastq/SRX18040034_SRR22059156_2.fastq.gz,tolerant
SRX18040035,s3://steveyost-seqera/Cvirg_Pmarinus/fetchngs/fastq/SRX18040035_SRR22059155_1.fastq.gz,s3://steveyost-seqera/Cvirg_Pmarinus/fetchngs/fastq/SRX18040035_SRR22059155_2.fastq.gz,sensitive
SRX18040036,s3://steveyost-seqera/Cvirg_Pmarinus/fetchngs/fastq/SRX18040036_SRR22059153_1.fastq.gz,s3://steveyost-seqera/Cvirg_Pmarinus/fetchngs/fastq/SRX18040036_SRR22059153_2.fastq.gz,tolerant
SRX18040037,s3://steveyost-seqera/Cvirg_Pmarinus/fetchngs/fastq/SRX18040037_SRR22059152_1.fastq.gz,s3://steveyost-seqera/Cvirg_Pmarinus/fetchngs/fastq/SRX18040037_SRR22059152_2.fastq.gz,sensitive
SRX18040038,s3://steveyost-seqera/Cvirg_Pmarinus/fetchngs/fastq/SRX18040038_SRR22059151_1.fastq.gz,s3://steveyost-seqera/Cvirg_Pmarinus/fetchngs/fastq/SRX18040038_SRR22059151_2.fastq.gz,sensitive
SRX18040039,s3://steveyost-seqera/Cvirg_Pmarinus/fetchngs/fastq/SRX18040039_SRR22059154_1.fastq.gz,s3://steveyost-seqera/Cvirg_Pmarinus/fetchngs/fastq/SRX18040039_SRR22059154_2.fastq.gz,sensitive
SRX18040040,s3://steveyost-seqera/Cvirg_Pmarinus/fetchngs/fastq/SRX18040040_SRR22059150_1.fastq.gz,s3://steveyost-seqera/Cvirg_Pmarinus/fetchngs/fastq/SRX18040040_SRR22059150_2.fastq.gz,tolerant
SRX18040041,s3://steveyost-seqera/Cvirg_Pmarinus/fetchngs/fastq/SRX18040041_SRR22059149_1.fastq.gz,s3://steveyost-seqera/Cvirg_Pmarinus/fetchngs/fastq/SRX18040041_SRR22059149_2.fastq.gz,tolerant
SRX18040042,s3://steveyost-seqera/Cvirg_Pmarinus/fetchngs/fastq/SRX18040042_SRR22059148_1.fastq.gz,s3://steveyost-seqera/Cvirg_Pmarinus/fetchngs/fastq/SRX18040042_SRR22059148_2.fastq.gz,tolerant
SRX18040043,s3://steveyost-seqera/Cvirg_Pmarinus/fetchngs/fastq/SRX18040043_SRR22059147_1.fastq.gz,s3://steveyost-seqera/Cvirg_Pmarinus/fetchngs/fastq/SRX18040043_SRR22059147_2.fastq.gz,tolerant
SRX18040044,s3://steveyost-seqera/Cvirg_Pmarinus/fetchngs/fastq/SRX18040044_SRR22059145_1.fastq.gz,s3://steveyost-seqera/Cvirg_Pmarinus/fetchngs/fastq/SRX18040044_SRR22059145_2.fastq.gz,sensitive
SRX18040045,s3://steveyost-seqera/Cvirg_Pmarinus/fetchngs/fastq/SRX18040045_SRR22059144_1.fastq.gz,s3://steveyost-seqera/Cvirg_Pmarinus/fetchngs/fastq/SRX18040045_SRR22059144_2.fastq.gz,sensitive
SRX18040046,s3://steveyost-seqera/Cvirg_Pmarinus/fetchngs/fastq/SRX18040046_SRR22059143_1.fastq.gz,s3://steveyost-seqera/Cvirg_Pmarinus/fetchngs/fastq/SRX18040046_SRR22059143_2.fastq.gz,sensitive
SRX18040047,s3://steveyost-seqera/Cvirg_Pmarinus/fetchngs/fastq/SRX18040047_SRR22059146_1.fastq.gz,s3://steveyost-seqera/Cvirg_Pmarinus/fetchngs/fastq/SRX18040047_SRR22059146_2.fastq.gz,tolerant
SRX18040048,s3://steveyost-seqera/Cvirg_Pmarinus/fetchngs/fastq/SRX18040048_SRR22059142_1.fastq.gz,s3://steveyost-seqera/Cvirg_Pmarinus/fetchngs/fastq/SRX18040048_SRR22059142_2.fastq.gz,tolerant
SRX18040049,s3://steveyost-seqera/Cvirg_Pmarinus/fetchngs/fastq/SRX18040049_SRR22059141_1.fastq.gz,s3://steveyost-seqera/Cvirg_Pmarinus/fetchngs/fastq/SRX18040049_SRR22059141_2.fastq.gz,sensitive
SRX18040050,s3://steveyost-seqera/Cvirg_Pmarinus/fetchngs/fastq/SRX18040050_SRR22059166_1.fastq.gz,s3://steveyost-seqera/Cvirg_Pmarinus/fetchngs/fastq/SRX18040050_SRR22059166_2.fastq.gz,tolerant
SRX18040051,s3://steveyost-seqera/Cvirg_Pmarinus/fetchngs/fastq/SRX18040051_SRR22059140_1.fastq.gz,s3://steveyost-seqera/Cvirg_Pmarinus/fetchngs/fastq/SRX18040051_SRR22059140_2.fastq.gz,sensitive
SRX18040052,s3://steveyost-seqera/Cvirg_Pmarinus/fetchngs/fastq/SRX18040052_SRR22059139_1.fastq.gz,s3://steveyost-seqera/Cvirg_Pmarinus/fetchngs/fastq/SRX18040052_SRR22059139_2.fastq.gz,sensitive
SRX18040053,s3://steveyost-seqera/Cvirg_Pmarinus/fetchngs/fastq/SRX18040053_SRR22059138_1.fastq.gz,s3://steveyost-seqera/Cvirg_Pmarinus/fetchngs/fastq/SRX18040053_SRR22059138_2.fastq.gz,sensitive
SRX18040054,s3://steveyost-seqera/Cvirg_Pmarinus/fetchngs/fastq/SRX18040054_SRR22059137_1.fastq.gz,s3://steveyost-seqera/Cvirg_Pmarinus/fetchngs/fastq/SRX18040054_SRR22059137_2.fastq.gz,sensitive
SRX18040055,s3://steveyost-seqera/Cvirg_Pmarinus/fetchngs/fastq/SRX18040055_SRR22059135_1.fastq.gz,s3://steveyost-seqera/Cvirg_Pmarinus/fetchngs/fastq/SRX18040055_SRR22059135_2.fastq.gz,tolerant
SRX18040056,s3://steveyost-seqera/Cvirg_Pmarinus/fetchngs/fastq/SRX18040056_SRR22059134_1.fastq.gz,s3://steveyost-seqera/Cvirg_Pmarinus/fetchngs/fastq/SRX18040056_SRR22059134_2.fastq.gz,tolerant
SRX18040057,s3://steveyost-seqera/Cvirg_Pmarinus/fetchngs/fastq/SRX18040057_SRR22059133_1.fastq.gz,s3://steveyost-seqera/Cvirg_Pmarinus/fetchngs/fastq/SRX18040057_SRR22059133_2.fastq.gz,sensitive
SRX18040058,s3://steveyost-seqera/Cvirg_Pmarinus/fetchngs/fastq/SRX18040058_SRR22059136_1.fastq.gz,s3://steveyost-seqera/Cvirg_Pmarinus/fetchngs/fastq/SRX18040058_SRR22059136_2.fastq.gz,sensitive
SRX18040059,s3://steveyost-seqera/Cvirg_Pmarinus/fetchngs/fastq/SRX18040059_SRR22059132_1.fastq.gz,s3://steveyost-seqera/Cvirg_Pmarinus/fetchngs/fastq/SRX18040059_SRR22059132_2.fastq.gz,sensitive
SRX18040060,s3://steveyost-seqera/Cvirg_Pmarinus/fetchngs/fastq/SRX18040060_SRR22059131_1.fastq.gz,s3://steveyost-seqera/Cvirg_Pmarinus/fetchngs/fastq/SRX18040060_SRR22059131_2.fastq.gz,sensitive
SRX18040061,s3://steveyost-seqera/Cvirg_Pmarinus/fetchngs/fastq/SRX18040061_SRR22059130_1.fastq.gz,s3://steveyost-seqera/Cvirg_Pmarinus/fetchngs/fastq/SRX18040061_SRR22059130_2.fastq.gz,sensitive
SRX18040062,s3://steveyost-seqera/Cvirg_Pmarinus/fetchngs/fastq/SRX18040062_SRR22059129_1.fastq.gz,s3://steveyost-seqera/Cvirg_Pmarinus/fetchngs/fastq/SRX18040062_SRR22059129_2.fastq.gz,sensitive
SRX18040063,s3://steveyost-seqera/Cvirg_Pmarinus/fetchngs/fastq/SRX18040063_SRR22059128_1.fastq.gz,s3://steveyost-seqera/Cvirg_Pmarinus/fetchngs/fastq/SRX18040063_SRR22059128_2.fastq.gz,tolerant
SRX18040064,s3://steveyost-seqera/Cvirg_Pmarinus/fetchngs/fastq/SRX18040064_SRR22059127_1.fastq.gz,s3://steveyost-seqera/Cvirg_Pmarinus/fetchngs/fastq/SRX18040064_SRR22059127_2.fastq.gz,tolerant
SRX7172518,/mmfs1/gscratch/scrubbed/elstrand/Cvir_disease_meta/dataset5/fastq/SRX7172518_SRR10482877_1.fastq.gz,/mmfs1/gscratch/scrubbed/elstrand/Cvir_disease_meta/dataset5/fastq/SRX7172518_SRR10482877_2.fastq.gz,sensitive
SRX7172519,/mmfs1/gscratch/scrubbed/elstrand/Cvir_disease_meta/dataset5/fastq/SRX7172519_SRR10482876_1.fastq.gz,/mmfs1/gscratch/scrubbed/elstrand/Cvir_disease_meta/dataset5/fastq/SRX7172519_SRR10482876_2.fastq.gz,sensitive
SRX7172520,/mmfs1/gscratch/scrubbed/elstrand/Cvir_disease_meta/dataset5/fastq/SRX7172520_SRR10482875_1.fastq.gz,/mmfs1/gscratch/scrubbed/elstrand/Cvir_disease_meta/dataset5/fastq/SRX7172520_SRR10482875_2.fastq.gz,sensitive
SRX7172521,/mmfs1/gscratch/scrubbed/elstrand/Cvir_disease_meta/dataset5/fastq/SRX7172521_SRR10482874_1.fastq.gz,/mmfs1/gscratch/scrubbed/elstrand/Cvir_disease_meta/dataset5/fastq/SRX7172521_SRR10482874_2.fastq.gz,sensitive
SRX7172522,/mmfs1/gscratch/scrubbed/elstrand/Cvir_disease_meta/dataset5/fastq/SRX7172522_SRR10482873_1.fastq.gz,/mmfs1/gscratch/scrubbed/elstrand/Cvir_disease_meta/dataset5/fastq/SRX7172522_SRR10482873_2.fastq.gz,sensitive
SRX7172523,/mmfs1/gscratch/scrubbed/elstrand/Cvir_disease_meta/dataset5/fastq/SRX7172523_SRR10482872_1.fastq.gz,/mmfs1/gscratch/scrubbed/elstrand/Cvir_disease_meta/dataset5/fastq/SRX7172523_SRR10482872_2.fastq.gz,tolerant
SRX7172524,/mmfs1/gscratch/scrubbed/elstrand/Cvir_disease_meta/dataset5/fastq/SRX7172524_SRR10482871_1.fastq.gz,/mmfs1/gscratch/scrubbed/elstrand/Cvir_disease_meta/dataset5/fastq/SRX7172524_SRR10482871_2.fastq.gz,sensitive
SRX7172525,/mmfs1/gscratch/scrubbed/elstrand/Cvir_disease_meta/dataset5/fastq/SRX7172525_SRR10482870_1.fastq.gz,/mmfs1/gscratch/scrubbed/elstrand/Cvir_disease_meta/dataset5/fastq/SRX7172525_SRR10482870_2.fastq.gz,sensitive
SRX7172526,/mmfs1/gscratch/scrubbed/elstrand/Cvir_disease_meta/dataset5/fastq/SRX7172526_SRR10482869_1.fastq.gz,/mmfs1/gscratch/scrubbed/elstrand/Cvir_disease_meta/dataset5/fastq/SRX7172526_SRR10482869_2.fastq.gz,sensitive
SRX7172527,/mmfs1/gscratch/scrubbed/elstrand/Cvir_disease_meta/dataset5/fastq/SRX7172527_SRR10482868_1.fastq.gz,/mmfs1/gscratch/scrubbed/elstrand/Cvir_disease_meta/dataset5/fastq/SRX7172527_SRR10482868_2.fastq.gz,sensitive
SRX7172528,/mmfs1/gscratch/scrubbed/elstrand/Cvir_disease_meta/dataset5/fastq/SRX7172528_SRR10482867_1.fastq.gz,/mmfs1/gscratch/scrubbed/elstrand/Cvir_disease_meta/dataset5/fastq/SRX7172528_SRR10482867_2.fastq.gz,sensitive
SRX7172529,/mmfs1/gscratch/scrubbed/elstrand/Cvir_disease_meta/dataset5/fastq/SRX7172529_SRR10482866_1.fastq.gz,/mmfs1/gscratch/scrubbed/elstrand/Cvir_disease_meta/dataset5/fastq/SRX7172529_SRR10482866_2.fastq.gz,sensitive
SRX7172530,/mmfs1/gscratch/scrubbed/elstrand/Cvir_disease_meta/dataset5/fastq/SRX7172530_SRR10482865_1.fastq.gz,/mmfs1/gscratch/scrubbed/elstrand/Cvir_disease_meta/dataset5/fastq/SRX7172530_SRR10482865_2.fastq.gz,sensitive
SRX7172531,/mmfs1/gscratch/scrubbed/elstrand/Cvir_disease_meta/dataset5/fastq/SRX7172531_SRR10482864_1.fastq.gz,/mmfs1/gscratch/scrubbed/elstrand/Cvir_disease_meta/dataset5/fastq/SRX7172531_SRR10482864_2.fastq.gz,sensitive
SRX7172532,/mmfs1/gscratch/scrubbed/elstrand/Cvir_disease_meta/dataset5/fastq/SRX7172532_SRR10482863_1.fastq.gz,/mmfs1/gscratch/scrubbed/elstrand/Cvir_disease_meta/dataset5/fastq/SRX7172532_SRR10482863_2.fastq.gz,sensitive
SRX7172533,/mmfs1/gscratch/scrubbed/elstrand/Cvir_disease_meta/dataset5/fastq/SRX7172533_SRR10482862_1.fastq.gz,/mmfs1/gscratch/scrubbed/elstrand/Cvir_disease_meta/dataset5/fastq/SRX7172533_SRR10482862_2.fastq.gz,sensitive
SRX7172534,/mmfs1/gscratch/scrubbed/elstrand/Cvir_disease_meta/dataset5/fastq/SRX7172534_SRR10482861_1.fastq.gz,/mmfs1/gscratch/scrubbed/elstrand/Cvir_disease_meta/dataset5/fastq/SRX7172534_SRR10482861_2.fastq.gz,sensitive
SRX7172535,/mmfs1/gscratch/scrubbed/elstrand/Cvir_disease_meta/dataset5/fastq/SRX7172535_SRR10482860_1.fastq.gz,/mmfs1/gscratch/scrubbed/elstrand/Cvir_disease_meta/dataset5/fastq/SRX7172535_SRR10482860_2.fastq.gz,sensitive
SRX7172536,/mmfs1/gscratch/scrubbed/elstrand/Cvir_disease_meta/dataset5/fastq/SRX7172536_SRR10482859_1.fastq.gz,/mmfs1/gscratch/scrubbed/elstrand/Cvir_disease_meta/dataset5/fastq/SRX7172536_SRR10482859_2.fastq.gz,sensitive
SRX7172537,/mmfs1/gscratch/scrubbed/elstrand/Cvir_disease_meta/dataset5/fastq/SRX7172537_SRR10482858_1.fastq.gz,/mmfs1/gscratch/scrubbed/elstrand/Cvir_disease_meta/dataset5/fastq/SRX7172537_SRR10482858_2.fastq.gz,sensitive
SRX7172538,/mmfs1/gscratch/scrubbed/elstrand/Cvir_disease_meta/dataset5/fastq/SRX7172538_SRR10482857_1.fastq.gz,/mmfs1/gscratch/scrubbed/elstrand/Cvir_disease_meta/dataset5/fastq/SRX7172538_SRR10482857_2.fastq.gz,sensitive
SRX7172539,/mmfs1/gscratch/scrubbed/elstrand/Cvir_disease_meta/dataset5/fastq/SRX7172539_SRR10482856_1.fastq.gz,/mmfs1/gscratch/scrubbed/elstrand/Cvir_disease_meta/dataset5/fastq/SRX7172539_SRR10482856_2.fastq.gz,tolerant
SRX7172540,/mmfs1/gscratch/scrubbed/elstrand/Cvir_disease_meta/dataset5/fastq/SRX7172540_SRR10482855_1.fastq.gz,/mmfs1/gscratch/scrubbed/elstrand/Cvir_disease_meta/dataset5/fastq/SRX7172540_SRR10482855_2.fastq.gz,tolerant
SRX7172541,/mmfs1/gscratch/scrubbed/elstrand/Cvir_disease_meta/dataset5/fastq/SRX7172541_SRR10482854_1.fastq.gz,/mmfs1/gscratch/scrubbed/elstrand/Cvir_disease_meta/dataset5/fastq/SRX7172541_SRR10482854_2.fastq.gz,tolerant
SRX7172542,/mmfs1/gscratch/scrubbed/elstrand/Cvir_disease_meta/dataset5/fastq/SRX7172542_SRR10482853_1.fastq.gz,/mmfs1/gscratch/scrubbed/elstrand/Cvir_disease_meta/dataset5/fastq/SRX7172542_SRR10482853_2.fastq.gz,tolerant
SRX7172543,/mmfs1/gscratch/scrubbed/elstrand/Cvir_disease_meta/dataset5/fastq/SRX7172543_SRR10482852_1.fastq.gz,/mmfs1/gscratch/scrubbed/elstrand/Cvir_disease_meta/dataset5/fastq/SRX7172543_SRR10482852_2.fastq.gz,sensitive
SRX7172544,/mmfs1/gscratch/scrubbed/elstrand/Cvir_disease_meta/dataset5/fastq/SRX7172544_SRR10482851_1.fastq.gz,/mmfs1/gscratch/scrubbed/elstrand/Cvir_disease_meta/dataset5/fastq/SRX7172544_SRR10482851_2.fastq.gz,tolerant
SRX7172545,/mmfs1/gscratch/scrubbed/elstrand/Cvir_disease_meta/dataset5/fastq/SRX7172545_SRR10482850_1.fastq.gz,/mmfs1/gscratch/scrubbed/elstrand/Cvir_disease_meta/dataset5/fastq/SRX7172545_SRR10482850_2.fastq.gz,tolerant
SRX7172546,/mmfs1/gscratch/scrubbed/elstrand/Cvir_disease_meta/dataset5/fastq/SRX7172546_SRR10482849_1.fastq.gz,/mmfs1/gscratch/scrubbed/elstrand/Cvir_disease_meta/dataset5/fastq/SRX7172546_SRR10482849_2.fastq.gz,tolerant
SRX7172547,/mmfs1/gscratch/scrubbed/elstrand/Cvir_disease_meta/dataset5/fastq/SRX7172547_SRR10482848_1.fastq.gz,/mmfs1/gscratch/scrubbed/elstrand/Cvir_disease_meta/dataset5/fastq/SRX7172547_SRR10482848_2.fastq.gz,tolerant
SRX7172548,/mmfs1/gscratch/scrubbed/elstrand/Cvir_disease_meta/dataset5/fastq/SRX7172548_SRR10482847_1.fastq.gz,/mmfs1/gscratch/scrubbed/elstrand/Cvir_disease_meta/dataset5/fastq/SRX7172548_SRR10482847_2.fastq.gz,tolerant
SRX7172549,/mmfs1/gscratch/scrubbed/elstrand/Cvir_disease_meta/dataset5/fastq/SRX7172549_SRR10482846_1.fastq.gz,/mmfs1/gscratch/scrubbed/elstrand/Cvir_disease_meta/dataset5/fastq/SRX7172549_SRR10482846_2.fastq.gz,tolerant
SRX7172550,/mmfs1/gscratch/scrubbed/elstrand/Cvir_disease_meta/dataset5/fastq/SRX7172550_SRR10482845_1.fastq.gz,/mmfs1/gscratch/scrubbed/elstrand/Cvir_disease_meta/dataset5/fastq/SRX7172550_SRR10482845_2.fastq.gz,tolerant
SRX7172551,/mmfs1/gscratch/scrubbed/elstrand/Cvir_disease_meta/dataset5/fastq/SRX7172551_SRR10482844_1.fastq.gz,/mmfs1/gscratch/scrubbed/elstrand/Cvir_disease_meta/dataset5/fastq/SRX7172551_SRR10482844_2.fastq.gz,sensitive
SRX7172552,/mmfs1/gscratch/scrubbed/elstrand/Cvir_disease_meta/dataset5/fastq/SRX7172552_SRR10482843_1.fastq.gz,/mmfs1/gscratch/scrubbed/elstrand/Cvir_disease_meta/dataset5/fastq/SRX7172552_SRR10482843_2.fastq.gz,tolerant
SRX7172553,/mmfs1/gscratch/scrubbed/elstrand/Cvir_disease_meta/dataset5/fastq/SRX7172553_SRR10482842_1.fastq.gz,/mmfs1/gscratch/scrubbed/elstrand/Cvir_disease_meta/dataset5/fastq/SRX7172553_SRR10482842_2.fastq.gz,tolerant
SRX7172554,/mmfs1/gscratch/scrubbed/elstrand/Cvir_disease_meta/dataset5/fastq/SRX7172554_SRR10482841_1.fastq.gz,/mmfs1/gscratch/scrubbed/elstrand/Cvir_disease_meta/dataset5/fastq/SRX7172554_SRR10482841_2.fastq.gz,sensitive
SRX7172555,/mmfs1/gscratch/scrubbed/elstrand/Cvir_disease_meta/dataset5/fastq/SRX7172555_SRR10482840_1.fastq.gz,/mmfs1/gscratch/scrubbed/elstrand/Cvir_disease_meta/dataset5/fastq/SRX7172555_SRR10482840_2.fastq.gz,tolerant
SRX7172556,/mmfs1/gscratch/scrubbed/elstrand/Cvir_disease_meta/dataset5/fastq/SRX7172556_SRR10482839_1.fastq.gz,/mmfs1/gscratch/scrubbed/elstrand/Cvir_disease_meta/dataset5/fastq/SRX7172556_SRR10482839_2.fastq.gz,tolerant
SRX7172557,/mmfs1/gscratch/scrubbed/elstrand/Cvir_disease_meta/dataset5/fastq/SRX7172557_SRR10482838_1.fastq.gz,/mmfs1/gscratch/scrubbed/elstrand/Cvir_disease_meta/dataset5/fastq/SRX7172557_SRR10482838_2.fastq.gz,sensitive
SRX7172558,/mmfs1/gscratch/scrubbed/elstrand/Cvir_disease_meta/dataset5/fastq/SRX7172558_SRR10482837_1.fastq.gz,/mmfs1/gscratch/scrubbed/elstrand/Cvir_disease_meta/dataset5/fastq/SRX7172558_SRR10482837_2.fastq.gz,sensitive
SRX7172559,/mmfs1/gscratch/scrubbed/elstrand/Cvir_disease_meta/dataset5/fastq/SRX7172559_SRR10482836_1.fastq.gz,/mmfs1/gscratch/scrubbed/elstrand/Cvir_disease_meta/dataset5/fastq/SRX7172559_SRR10482836_2.fastq.gz,sensitive
SRX7172560,/mmfs1/gscratch/scrubbed/elstrand/Cvir_disease_meta/dataset5/fastq/SRX7172560_SRR10482835_1.fastq.gz,/mmfs1/gscratch/scrubbed/elstrand/Cvir_disease_meta/dataset5/fastq/SRX7172560_SRR10482835_2.fastq.gz,sensitive
SRX7172561,/mmfs1/gscratch/scrubbed/elstrand/Cvir_disease_meta/dataset5/fastq/SRX7172561_SRR10482834_1.fastq.gz,/mmfs1/gscratch/scrubbed/elstrand/Cvir_disease_meta/dataset5/fastq/SRX7172561_SRR10482834_2.fastq.gz,sensitive
SRX7172562,/mmfs1/gscratch/scrubbed/elstrand/Cvir_disease_meta/dataset5/fastq/SRX7172562_SRR10482833_1.fastq.gz,/mmfs1/gscratch/scrubbed/elstrand/Cvir_disease_meta/dataset5/fastq/SRX7172562_SRR10482833_2.fastq.gz,sensitive
SRX7172563,/mmfs1/gscratch/scrubbed/elstrand/Cvir_disease_meta/dataset5/fastq/SRX7172563_SRR10482832_1.fastq.gz,/mmfs1/gscratch/scrubbed/elstrand/Cvir_disease_meta/dataset5/fastq/SRX7172563_SRR10482832_2.fastq.gz,sensitive
SRX7172564,/mmfs1/gscratch/scrubbed/elstrand/Cvir_disease_meta/dataset5/fastq/SRX7172564_SRR10482831_1.fastq.gz,/mmfs1/gscratch/scrubbed/elstrand/Cvir_disease_meta/dataset5/fastq/SRX7172564_SRR10482831_2.fastq.gz,sensitive
SRX7172565,/mmfs1/gscratch/scrubbed/elstrand/Cvir_disease_meta/dataset5/fastq/SRX7172565_SRR10482830_1.fastq.gz,/mmfs1/gscratch/scrubbed/elstrand/Cvir_disease_meta/dataset5/fastq/SRX7172565_SRR10482830_2.fastq.gz,tolerant
SRX7172566,/mmfs1/gscratch/scrubbed/elstrand/Cvir_disease_meta/dataset5/fastq/SRX7172566_SRR10482829_1.fastq.gz,/mmfs1/gscratch/scrubbed/elstrand/Cvir_disease_meta/dataset5/fastq/SRX7172566_SRR10482829_2.fastq.gz,tolerant
SRX7172567,/mmfs1/gscratch/scrubbed/elstrand/Cvir_disease_meta/dataset5/fastq/SRX7172567_SRR10482828_1.fastq.gz,/mmfs1/gscratch/scrubbed/elstrand/Cvir_disease_meta/dataset5/fastq/SRX7172567_SRR10482828_2.fastq.gz,tolerant
SRX7172568,/mmfs1/gscratch/scrubbed/elstrand/Cvir_disease_meta/dataset5/fastq/SRX7172568_SRR10482827_1.fastq.gz,/mmfs1/gscratch/scrubbed/elstrand/Cvir_disease_meta/dataset5/fastq/SRX7172568_SRR10482827_2.fastq.gz,tolerant
SRX7172569,/mmfs1/gscratch/scrubbed/elstrand/Cvir_disease_meta/dataset5/fastq/SRX7172569_SRR10482826_1.fastq.gz,/mmfs1/gscratch/scrubbed/elstrand/Cvir_disease_meta/dataset5/fastq/SRX7172569_SRR10482826_2.fastq.gz,tolerant
SRX7172570,/mmfs1/gscratch/scrubbed/elstrand/Cvir_disease_meta/dataset5/fastq/SRX7172570_SRR10482825_1.fastq.gz,/mmfs1/gscratch/scrubbed/elstrand/Cvir_disease_meta/dataset5/fastq/SRX7172570_SRR10482825_2.fastq.gz,tolerant
SRX7172571,/mmfs1/gscratch/scrubbed/elstrand/Cvir_disease_meta/dataset5/fastq/SRX7172571_SRR10482824_1.fastq.gz,/mmfs1/gscratch/scrubbed/elstrand/Cvir_disease_meta/dataset5/fastq/SRX7172571_SRR10482824_2.fastq.gz,tolerant
SRX7172572,/mmfs1/gscratch/scrubbed/elstrand/Cvir_disease_meta/dataset5/fastq/SRX7172572_SRR10482823_1.fastq.gz,/mmfs1/gscratch/scrubbed/elstrand/Cvir_disease_meta/dataset5/fastq/SRX7172572_SRR10482823_2.fastq.gz,tolerant
SRX7172573,/mmfs1/gscratch/scrubbed/elstrand/Cvir_disease_meta/dataset5/fastq/SRX7172573_SRR10482822_1.fastq.gz,/mmfs1/gscratch/scrubbed/elstrand/Cvir_disease_meta/dataset5/fastq/SRX7172573_SRR10482822_2.fastq.gz,sensitive
SRX7172574,/mmfs1/gscratch/scrubbed/elstrand/Cvir_disease_meta/dataset5/fastq/SRX7172574_SRR10482821_1.fastq.gz,/mmfs1/gscratch/scrubbed/elstrand/Cvir_disease_meta/dataset5/fastq/SRX7172574_SRR10482821_2.fastq.gz,tolerant
SRX7172575,/mmfs1/gscratch/scrubbed/elstrand/Cvir_disease_meta/dataset5/fastq/SRX7172575_SRR10482820_1.fastq.gz,/mmfs1/gscratch/scrubbed/elstrand/Cvir_disease_meta/dataset5/fastq/SRX7172575_SRR10482820_2.fastq.gz,tolerant
SRX7172576,/mmfs1/gscratch/scrubbed/elstrand/Cvir_disease_meta/dataset5/fastq/SRX7172576_SRR10482819_1.fastq.gz,/mmfs1/gscratch/scrubbed/elstrand/Cvir_disease_meta/dataset5/fastq/SRX7172576_SRR10482819_2.fastq.gz,tolerant
SRX7172577,/mmfs1/gscratch/scrubbed/elstrand/Cvir_disease_meta/dataset5/fastq/SRX7172577_SRR10482818_1.fastq.gz,/mmfs1/gscratch/scrubbed/elstrand/Cvir_disease_meta/dataset5/fastq/SRX7172577_SRR10482818_2.fastq.gz,tolerant
SRX7172578,/mmfs1/gscratch/scrubbed/elstrand/Cvir_disease_meta/dataset5/fastq/SRX7172578_SRR10482817_1.fastq.gz,/mmfs1/gscratch/scrubbed/elstrand/Cvir_disease_meta/dataset5/fastq/SRX7172578_SRR10482817_2.fastq.gz,tolerant
SRX7172579,/mmfs1/gscratch/scrubbed/elstrand/Cvir_disease_meta/dataset5/fastq/SRX7172579_SRR10482816_1.fastq.gz,/mmfs1/gscratch/scrubbed/elstrand/Cvir_disease_meta/dataset5/fastq/SRX7172579_SRR10482816_2.fastq.gz,tolerant
SRX7656957,s3://steveyost-seqera/Cvirg_Pmarinus/fetchngs/fastq/SRX7656957_SRR10995912.fastq.gz,,tolerant
SRX7656958,s3://steveyost-seqera/Cvirg_Pmarinus/fetchngs/fastq/SRX7656958_SRR10995911.fastq.gz,,tolerant
SRX7656959,s3://steveyost-seqera/Cvirg_Pmarinus/fetchngs/fastq/SRX7656959_SRR10995910.fastq.gz,,tolerant
SRX7656960,s3://steveyost-seqera/Cvirg_Pmarinus/fetchngs/fastq/SRX7656960_SRR10995909.fastq.gz,,tolerant
SRX7656961,s3://steveyost-seqera/Cvirg_Pmarinus/fetchngs/fastq/SRX7656961_SRR10995908.fastq.gz,,tolerant
SRX7656962,s3://steveyost-seqera/Cvirg_Pmarinus/fetchngs/fastq/SRX7656962_SRR10995907.fastq.gz,,sensitive
SRX7656963,s3://steveyost-seqera/Cvirg_Pmarinus/fetchngs/fastq/SRX7656963_SRR10995906.fastq.gz,,sensitive
SRX7656964,s3://steveyost-seqera/Cvirg_Pmarinus/fetchngs/fastq/SRX7656964_SRR10995905.fastq.gz,,sensitive
SRX7656965,s3://steveyost-seqera/Cvirg_Pmarinus/fetchngs/fastq/SRX7656965_SRR10995904.fastq.gz,,sensitive
SRX7656966,s3://steveyost-seqera/Cvirg_Pmarinus/fetchngs/fastq/SRX7656966_SRR10995903.fastq.gz,,sensitive
SRX7656967,s3://steveyost-seqera/Cvirg_Pmarinus/fetchngs/fastq/SRX7656967_SRR10995902.fastq.gz,,sensitive
SRX7656968,s3://steveyost-seqera/Cvirg_Pmarinus/fetchngs/fastq/SRX7656968_SRR10995901.fastq.gz,,sensitive
SRX7656969,s3://steveyost-seqera/Cvirg_Pmarinus/fetchngs/fastq/SRX7656969_SRR10995900.fastq.gz,,tolerant
SRX7656970,s3://steveyost-seqera/Cvirg_Pmarinus/fetchngs/fastq/SRX7656970_SRR10995899.fastq.gz,,tolerant
SRX7656971,s3://steveyost-seqera/Cvirg_Pmarinus/fetchngs/fastq/SRX7656971_SRR10995898.fastq.gz,,tolerant
SRX7656972,s3://steveyost-seqera/Cvirg_Pmarinus/fetchngs/fastq/SRX7656972_SRR10995897.fastq.gz,,tolerant
SRX7656973,s3://steveyost-seqera/Cvirg_Pmarinus/fetchngs/fastq/SRX7656973_SRR10995896.fastq.gz,,tolerant
SRX7656974,s3://steveyost-seqera/Cvirg_Pmarinus/fetchngs/fastq/SRX7656974_SRR10995895.fastq.gz,,tolerant
SRX7656975,s3://steveyost-seqera/Cvirg_Pmarinus/fetchngs/fastq/SRX7656975_SRR10995894.fastq.gz,,tolerant
SRX7656976,s3://steveyost-seqera/Cvirg_Pmarinus/fetchngs/fastq/SRX7656976_SRR10995893.fastq.gz,,tolerant
SRX7656977,s3://steveyost-seqera/Cvirg_Pmarinus/fetchngs/fastq/SRX7656977_SRR10995892.fastq.gz,,tolerant
SRX7656978,s3://steveyost-seqera/Cvirg_Pmarinus/fetchngs/fastq/SRX7656978_SRR10995891.fastq.gz,,tolerant
SRX7656979,s3://steveyost-seqera/Cvirg_Pmarinus/fetchngs/fastq/SRX7656979_SRR10995890.fastq.gz,,tolerant
SRX7656980,s3://steveyost-seqera/Cvirg_Pmarinus/fetchngs/fastq/SRX7656980_SRR10995889.fastq.gz,,tolerant
SRX7656981,s3://steveyost-seqera/Cvirg_Pmarinus/fetchngs/fastq/SRX7656981_SRR10995888.fastq.gz,,tolerant
SRX7656982,s3://steveyost-seqera/Cvirg_Pmarinus/fetchngs/fastq/SRX7656982_SRR10995887.fastq.gz,,sensitive
SRX7656983,s3://steveyost-seqera/Cvirg_Pmarinus/fetchngs/fastq/SRX7656983_SRR10995886.fastq.gz,,sensitive
SRX7656984,s3://steveyost-seqera/Cvirg_Pmarinus/fetchngs/fastq/SRX7656984_SRR10995885.fastq.gz,,sensitive
SRX7656985,s3://steveyost-seqera/Cvirg_Pmarinus/fetchngs/fastq/SRX7656985_SRR10995884.fastq.gz,,sensitive
SRX7656986,s3://steveyost-seqera/Cvirg_Pmarinus/fetchngs/fastq/SRX7656986_SRR10995883.fastq.gz,,sensitive
SRX7656987,s3://steveyost-seqera/Cvirg_Pmarinus/fetchngs/fastq/SRX7656987_SRR10995882.fastq.gz,,sensitive
SRX7656988,s3://steveyost-seqera/Cvirg_Pmarinus/fetchngs/fastq/SRX7656988_SRR10995881.fastq.gz,,sensitive
SRX7656989,s3://steveyost-seqera/Cvirg_Pmarinus/fetchngs/fastq/SRX7656989_SRR10995880.fastq.gz,,sensitive
SRX7656990,s3://steveyost-seqera/Cvirg_Pmarinus/fetchngs/fastq/SRX7656990_SRR10995879.fastq.gz,,sensitive
SRX7656991,s3://steveyost-seqera/Cvirg_Pmarinus/fetchngs/fastq/SRX7656991_SRR10995878.fastq.gz,,tolerant
SRX7656992,s3://steveyost-seqera/Cvirg_Pmarinus/fetchngs/fastq/SRX7656992_SRR10995877.fastq.gz,,tolerant
SRX7656993,s3://steveyost-seqera/Cvirg_Pmarinus/fetchngs/fastq/SRX7656993_SRR10995876.fastq.gz,,tolerant
SRX7656994,s3://steveyost-seqera/Cvirg_Pmarinus/fetchngs/fastq/SRX7656994_SRR10995875.fastq.gz,,tolerant
SRX7656995,s3://steveyost-seqera/Cvirg_Pmarinus/fetchngs/fastq/SRX7656995_SRR10995874.fastq.gz,,tolerant
SRX7656996,s3://steveyost-seqera/Cvirg_Pmarinus/fetchngs/fastq/SRX7656996_SRR10995873.fastq.gz,,tolerant
SRX9845500,s3://steveyost-seqera/Cvirg_Pmarinus/fetchngs/fastq/SRX9845500_SRR13430609_1.fastq.gz,s3://steveyost-seqera/Cvirg_Pmarinus/fetchngs/fastq/SRX9845500_SRR13430609_2.fastq.gz,tolerant
SRX9845501,s3://steveyost-seqera/Cvirg_Pmarinus/fetchngs/fastq/SRX9845501_SRR13430608_1.fastq.gz,s3://steveyost-seqera/Cvirg_Pmarinus/fetchngs/fastq/SRX9845501_SRR13430608_2.fastq.gz,tolerant
SRX9845502,s3://steveyost-seqera/Cvirg_Pmarinus/fetchngs/fastq/SRX9845502_SRR13430607_1.fastq.gz,s3://steveyost-seqera/Cvirg_Pmarinus/fetchngs/fastq/SRX9845502_SRR13430607_2.fastq.gz,sensitive
SRX9845503,s3://steveyost-seqera/Cvirg_Pmarinus/fetchngs/fastq/SRX9845503_SRR13430606_1.fastq.gz,s3://steveyost-seqera/Cvirg_Pmarinus/fetchngs/fastq/SRX9845503_SRR13430606_2.fastq.gz,sensitive
SRX9845504,s3://steveyost-seqera/Cvirg_Pmarinus/fetchngs/fastq/SRX9845504_SRR13430605_1.fastq.gz,s3://steveyost-seqera/Cvirg_Pmarinus/fetchngs/fastq/SRX9845504_SRR13430605_2.fastq.gz,sensitive
SRX9845505,s3://steveyost-seqera/Cvirg_Pmarinus/fetchngs/fastq/SRX9845505_SRR13430604_1.fastq.gz,s3://steveyost-seqera/Cvirg_Pmarinus/fetchngs/fastq/SRX9845505_SRR13430604_2.fastq.gz,sensitive
SRX9845506,s3://steveyost-seqera/Cvirg_Pmarinus/fetchngs/fastq/SRX9845506_SRR13430603_1.fastq.gz,s3://steveyost-seqera/Cvirg_Pmarinus/fetchngs/fastq/SRX9845506_SRR13430603_2.fastq.gz,sensitive
SRX9845507,s3://steveyost-seqera/Cvirg_Pmarinus/fetchngs/fastq/SRX9845507_SRR13430602_1.fastq.gz,s3://steveyost-seqera/Cvirg_Pmarinus/fetchngs/fastq/SRX9845507_SRR13430602_2.fastq.gz,sensitive
SRX9845508,s3://steveyost-seqera/Cvirg_Pmarinus/fetchngs/fastq/SRX9845508_SRR13430601_1.fastq.gz,s3://steveyost-seqera/Cvirg_Pmarinus/fetchngs/fastq/SRX9845508_SRR13430601_2.fastq.gz,sensitive
SRX9845509,s3://steveyost-seqera/Cvirg_Pmarinus/fetchngs/fastq/SRX9845509_SRR13430600_1.fastq.gz,s3://steveyost-seqera/Cvirg_Pmarinus/fetchngs/fastq/SRX9845509_SRR13430600_2.fastq.gz,sensitive
SRX9845510,s3://steveyost-seqera/Cvirg_Pmarinus/fetchngs/fastq/SRX9845510_SRR13430599_1.fastq.gz,s3://steveyost-seqera/Cvirg_Pmarinus/fetchngs/fastq/SRX9845510_SRR13430599_2.fastq.gz,sensitive
SRX9845511,s3://steveyost-seqera/Cvirg_Pmarinus/fetchngs/fastq/SRX9845511_SRR13430598_1.fastq.gz,s3://steveyost-seqera/Cvirg_Pmarinus/fetchngs/fastq/SRX9845511_SRR13430598_2.fastq.gz,sensitive
SRX9845512,s3://steveyost-seqera/Cvirg_Pmarinus/fetchngs/fastq/SRX9845512_SRR13430597_1.fastq.gz,s3://steveyost-seqera/Cvirg_Pmarinus/fetchngs/fastq/SRX9845512_SRR13430597_2.fastq.gz,tolerant
SRX9845513,s3://steveyost-seqera/Cvirg_Pmarinus/fetchngs/fastq/SRX9845513_SRR13430596_1.fastq.gz,s3://steveyost-seqera/Cvirg_Pmarinus/fetchngs/fastq/SRX9845513_SRR13430596_2.fastq.gz,tolerant
SRX9845514,s3://steveyost-seqera/Cvirg_Pmarinus/fetchngs/fastq/SRX9845514_SRR13430595_1.fastq.gz,s3://steveyost-seqera/Cvirg_Pmarinus/fetchngs/fastq/SRX9845514_SRR13430595_2.fastq.gz,tolerant
SRX9845515,s3://steveyost-seqera/Cvirg_Pmarinus/fetchngs/fastq/SRX9845515_SRR13430594_1.fastq.gz,s3://steveyost-seqera/Cvirg_Pmarinus/fetchngs/fastq/SRX9845515_SRR13430594_2.fastq.gz,tolerant
SRX9845516,s3://steveyost-seqera/Cvirg_Pmarinus/fetchngs/fastq/SRX9845516_SRR13430593_1.fastq.gz,s3://steveyost-seqera/Cvirg_Pmarinus/fetchngs/fastq/SRX9845516_SRR13430593_2.fastq.gz,tolerant
SRX9845517,s3://steveyost-seqera/Cvirg_Pmarinus/fetchngs/fastq/SRX9845517_SRR13430592_1.fastq.gz,s3://steveyost-seqera/Cvirg_Pmarinus/fetchngs/fastq/SRX9845517_SRR13430592_2.fastq.gz,tolerant
SRX9845518,s3://steveyost-seqera/Cvirg_Pmarinus/fetchngs/fastq/SRX9845518_SRR13430591_1.fastq.gz,s3://steveyost-seqera/Cvirg_Pmarinus/fetchngs/fastq/SRX9845518_SRR13430591_2.fastq.gz,tolerant
SRX9845519,s3://steveyost-seqera/Cvirg_Pmarinus/fetchngs/fastq/SRX9845519_SRR13430590_1.fastq.gz,s3://steveyost-seqera/Cvirg_Pmarinus/fetchngs/fastq/SRX9845519_SRR13430590_2.fastq.gz,tolerant
SRX9845520,s3://steveyost-seqera/Cvirg_Pmarinus/fetchngs/fastq/SRX9845520_SRR13430589_1.fastq.gz,s3://steveyost-seqera/Cvirg_Pmarinus/fetchngs/fastq/SRX9845520_SRR13430589_2.fastq.gz,tolerant
SRX9845521,s3://steveyost-seqera/Cvirg_Pmarinus/fetchngs/fastq/SRX9845521_SRR13430588_1.fastq.gz,s3://steveyost-seqera/Cvirg_Pmarinus/fetchngs/fastq/SRX9845521_SRR13430588_2.fastq.gz,tolerant
SRX9845522,s3://steveyost-seqera/Cvirg_Pmarinus/fetchngs/fastq/SRX9845522_SRR13430587_1.fastq.gz,s3://steveyost-seqera/Cvirg_Pmarinus/fetchngs/fastq/SRX9845522_SRR13430587_2.fastq.gz,tolerant
SRX9845523,s3://steveyost-seqera/Cvirg_Pmarinus/fetchngs/fastq/SRX9845523_SRR13430586_1.fastq.gz,s3://steveyost-seqera/Cvirg_Pmarinus/fetchngs/fastq/SRX9845523_SRR13430586_2.fastq.gz,tolerant
SRX9845524,s3://steveyost-seqera/Cvirg_Pmarinus/fetchngs/fastq/SRX9845524_SRR13430585_1.fastq.gz,s3://steveyost-seqera/Cvirg_Pmarinus/fetchngs/fastq/SRX9845524_SRR13430585_2.fastq.gz,tolerant
SRX9845525,s3://steveyost-seqera/Cvirg_Pmarinus/fetchngs/fastq/SRX9845525_SRR13430584_1.fastq.gz,s3://steveyost-seqera/Cvirg_Pmarinus/fetchngs/fastq/SRX9845525_SRR13430584_2.fastq.gz,tolerant
SRX9845526,s3://steveyost-seqera/Cvirg_Pmarinus/fetchngs/fastq/SRX9845526_SRR13430583_1.fastq.gz,s3://steveyost-seqera/Cvirg_Pmarinus/fetchngs/fastq/SRX9845526_SRR13430583_2.fastq.gz,tolerant
SRX9845527,s3://steveyost-seqera/Cvirg_Pmarinus/fetchngs/fastq/SRX9845527_SRR13430582_1.fastq.gz,s3://steveyost-seqera/Cvirg_Pmarinus/fetchngs/fastq/SRX9845527_SRR13430582_2.fastq.gz,tolerant
SRX9845528,s3://steveyost-seqera/Cvirg_Pmarinus/fetchngs/fastq/SRX9845528_SRR13430581_1.fastq.gz,s3://steveyost-seqera/Cvirg_Pmarinus/fetchngs/fastq/SRX9845528_SRR13430581_2.fastq.gz,tolerant
SRX9845529,s3://steveyost-seqera/Cvirg_Pmarinus/fetchngs/fastq/SRX9845529_SRR13430580_1.fastq.gz,s3://steveyost-seqera/Cvirg_Pmarinus/fetchngs/fastq/SRX9845529_SRR13430580_2.fastq.gz,tolerant
SRX9845530,s3://steveyost-seqera/Cvirg_Pmarinus/fetchngs/fastq/SRX9845530_SRR13430579_1.fastq.gz,s3://steveyost-seqera/Cvirg_Pmarinus/fetchngs/fastq/SRX9845530_SRR13430579_2.fastq.gz,tolerant
SRX9845531,s3://steveyost-seqera/Cvirg_Pmarinus/fetchngs/fastq/SRX9845531_SRR13430578_1.fastq.gz,s3://steveyost-seqera/Cvirg_Pmarinus/fetchngs/fastq/SRX9845531_SRR13430578_2.fastq.gz,tolerant
SRX9845532,s3://steveyost-seqera/Cvirg_Pmarinus/fetchngs/fastq/SRX9845532_SRR13430577_1.fastq.gz,s3://steveyost-seqera/Cvirg_Pmarinus/fetchngs/fastq/SRX9845532_SRR13430577_2.fastq.gz,tolerant
SRX9845533,s3://steveyost-seqera/Cvirg_Pmarinus/fetchngs/fastq/SRX9845533_SRR13430576_1.fastq.gz,s3://steveyost-seqera/Cvirg_Pmarinus/fetchngs/fastq/SRX9845533_SRR13430576_2.fastq.gz,tolerant
SRX9845534,s3://steveyost-seqera/Cvirg_Pmarinus/fetchngs/fastq/SRX9845534_SRR13430575_1.fastq.gz,s3://steveyost-seqera/Cvirg_Pmarinus/fetchngs/fastq/SRX9845534_SRR13430575_2.fastq.gz,tolerant
SRX9845535,s3://steveyost-seqera/Cvirg_Pmarinus/fetchngs/fastq/SRX9845535_SRR13430574_1.fastq.gz,s3://steveyost-seqera/Cvirg_Pmarinus/fetchngs/fastq/SRX9845535_SRR13430574_2.fastq.gz,tolerant
SRX9845536,s3://steveyost-seqera/Cvirg_Pmarinus/fetchngs/fastq/SRX9845536_SRR13430573_1.fastq.gz,s3://steveyost-seqera/Cvirg_Pmarinus/fetchngs/fastq/SRX9845536_SRR13430573_2.fastq.gz,tolerant
SRX9845537,s3://steveyost-seqera/Cvirg_Pmarinus/fetchngs/fastq/SRX9845537_SRR13430572_1.fastq.gz,s3://steveyost-seqera/Cvirg_Pmarinus/fetchngs/fastq/SRX9845537_SRR13430572_2.fastq.gz,tolerant
SRX9845538,s3://steveyost-seqera/Cvirg_Pmarinus/fetchngs/fastq/SRX9845538_SRR13430571_1.fastq.gz,s3://steveyost-seqera/Cvirg_Pmarinus/fetchngs/fastq/SRX9845538_SRR13430571_2.fastq.gz,tolerant
SRX9845539,s3://steveyost-seqera/Cvirg_Pmarinus/fetchngs/fastq/SRX9845539_SRR13430570_1.fastq.gz,s3://steveyost-seqera/Cvirg_Pmarinus/fetchngs/fastq/SRX9845539_SRR13430570_2.fastq.gz,tolerant
SRX9845540,s3://steveyost-seqera/Cvirg_Pmarinus/fetchngs/fastq/SRX9845540_SRR13430569_1.fastq.gz,s3://steveyost-seqera/Cvirg_Pmarinus/fetchngs/fastq/SRX9845540_SRR13430569_2.fastq.gz,sensitive
SRX9845541,s3://steveyost-seqera/Cvirg_Pmarinus/fetchngs/fastq/SRX9845541_SRR13430568_1.fastq.gz,s3://steveyost-seqera/Cvirg_Pmarinus/fetchngs/fastq/SRX9845541_SRR13430568_2.fastq.gz,sensitive
SRX9845542,s3://steveyost-seqera/Cvirg_Pmarinus/fetchngs/fastq/SRX9845542_SRR13430567_1.fastq.gz,s3://steveyost-seqera/Cvirg_Pmarinus/fetchngs/fastq/SRX9845542_SRR13430567_2.fastq.gz,sensitive
SRX9845543,s3://steveyost-seqera/Cvirg_Pmarinus/fetchngs/fastq/SRX9845543_SRR13430566_1.fastq.gz,s3://steveyost-seqera/Cvirg_Pmarinus/fetchngs/fastq/SRX9845543_SRR13430566_2.fastq.gz,sensitive
