"sample","fastq_1","fastq_2","strandedness"
"SRX13037862","/gscratch/scrubbed/strigg/analyses/20241205_FetchNGS/fastq/SRX13037862_SRR16844801.fastq.gz","","auto"
"SRX13037863","/gscratch/scrubbed/strigg/analyses/20241205_FetchNGS/fastq/SRX13037863_SRR16844800.fastq.gz","","auto"
"SRX13037864","/gscratch/scrubbed/strigg/analyses/20241205_FetchNGS/fastq/SRX13037864_SRR16844799.fastq.gz","","auto"
"SRX13037865","/gscratch/scrubbed/strigg/analyses/20241205_FetchNGS/fastq/SRX13037865_SRR16844798.fastq.gz","","auto"
"SRX13037866","/gscratch/scrubbed/strigg/analyses/20241205_FetchNGS/fastq/SRX13037866_SRR16844797.fastq.gz","","auto"
"SRX13037867","/gscratch/scrubbed/strigg/analyses/20241205_FetchNGS/fastq/SRX13037867_SRR16844796.fastq.gz","","auto"
"SRX13037868","/gscratch/scrubbed/strigg/analyses/20241205_FetchNGS/fastq/SRX13037868_SRR16844795.fastq.gz","","auto"
"SRX13037869","/gscratch/scrubbed/strigg/analyses/20241205_FetchNGS/fastq/SRX13037869_SRR16844794.fastq.gz","","auto"
"SRX13037870","/gscratch/scrubbed/strigg/analyses/20241205_FetchNGS/fastq/SRX13037870_SRR16844793.fastq.gz","","auto"
"SRX13037871","/gscratch/scrubbed/strigg/analyses/20241205_FetchNGS/fastq/SRX13037871_SRR16844792.fastq.gz","","auto"
"SRX18040004","/gscratch/scrubbed/strigg/analyses/20241205_FetchNGS/fastq/SRX18040004_SRR22059187_1.fastq.gz","/gscratch/scrubbed/strigg/analyses/20241205_FetchNGS/fastq/SRX18040004_SRR22059187_2.fastq.gz","auto"
"SRX18040005","/gscratch/scrubbed/strigg/analyses/20241205_FetchNGS/fastq/SRX18040005_SRR22059186_1.fastq.gz","/gscratch/scrubbed/strigg/analyses/20241205_FetchNGS/fastq/SRX18040005_SRR22059186_2.fastq.gz","auto"
"SRX18040006","/gscratch/scrubbed/strigg/analyses/20241205_FetchNGS/fastq/SRX18040006_SRR22059167_1.fastq.gz","/gscratch/scrubbed/strigg/analyses/20241205_FetchNGS/fastq/SRX18040006_SRR22059167_2.fastq.gz","auto"
"SRX18040007","/gscratch/scrubbed/strigg/analyses/20241205_FetchNGS/fastq/SRX18040007_SRR22059185_1.fastq.gz","/gscratch/scrubbed/strigg/analyses/20241205_FetchNGS/fastq/SRX18040007_SRR22059185_2.fastq.gz","auto"
"SRX18040008","/gscratch/scrubbed/strigg/analyses/20241205_FetchNGS/fastq/SRX18040008_SRR22059184_1.fastq.gz","/gscratch/scrubbed/strigg/analyses/20241205_FetchNGS/fastq/SRX18040008_SRR22059184_2.fastq.gz","auto"
"SRX18040009","/gscratch/scrubbed/strigg/analyses/20241205_FetchNGS/fastq/SRX18040009_SRR22059183_1.fastq.gz","/gscratch/scrubbed/strigg/analyses/20241205_FetchNGS/fastq/SRX18040009_SRR22059183_2.fastq.gz","auto"
"SRX18040010","/gscratch/scrubbed/strigg/analyses/20241205_FetchNGS/fastq/SRX18040010_SRR22059182_1.fastq.gz","/gscratch/scrubbed/strigg/analyses/20241205_FetchNGS/fastq/SRX18040010_SRR22059182_2.fastq.gz","auto"
"SRX18040011","/gscratch/scrubbed/strigg/analyses/20241205_FetchNGS/fastq/SRX18040011_SRR22059181_1.fastq.gz","/gscratch/scrubbed/strigg/analyses/20241205_FetchNGS/fastq/SRX18040011_SRR22059181_2.fastq.gz","auto"
"SRX18040012","/gscratch/scrubbed/strigg/analyses/20241205_FetchNGS/fastq/SRX18040012_SRR22059180_1.fastq.gz","/gscratch/scrubbed/strigg/analyses/20241205_FetchNGS/fastq/SRX18040012_SRR22059180_2.fastq.gz","auto"
"SRX18040013","/gscratch/scrubbed/strigg/analyses/20241205_FetchNGS/fastq/SRX18040013_SRR22059179_1.fastq.gz","/gscratch/scrubbed/strigg/analyses/20241205_FetchNGS/fastq/SRX18040013_SRR22059179_2.fastq.gz","auto"
"SRX18040014","/gscratch/scrubbed/strigg/analyses/20241205_FetchNGS/fastq/SRX18040014_SRR22059178_1.fastq.gz","/gscratch/scrubbed/strigg/analyses/20241205_FetchNGS/fastq/SRX18040014_SRR22059178_2.fastq.gz","auto"
"SRX18040015","/gscratch/scrubbed/strigg/analyses/20241205_FetchNGS/fastq/SRX18040015_SRR22059177_1.fastq.gz","/gscratch/scrubbed/strigg/analyses/20241205_FetchNGS/fastq/SRX18040015_SRR22059177_2.fastq.gz","auto"
"SRX18040016","/gscratch/scrubbed/strigg/analyses/20241205_FetchNGS/fastq/SRX18040016_SRR22059176_1.fastq.gz","/gscratch/scrubbed/strigg/analyses/20241205_FetchNGS/fastq/SRX18040016_SRR22059176_2.fastq.gz","auto"
"SRX18040017","/gscratch/scrubbed/strigg/analyses/20241205_FetchNGS/fastq/SRX18040017_SRR22059175_1.fastq.gz","/gscratch/scrubbed/strigg/analyses/20241205_FetchNGS/fastq/SRX18040017_SRR22059175_2.fastq.gz","auto"
"SRX18040018","/gscratch/scrubbed/strigg/analyses/20241205_FetchNGS/fastq/SRX18040018_SRR22059174_1.fastq.gz","/gscratch/scrubbed/strigg/analyses/20241205_FetchNGS/fastq/SRX18040018_SRR22059174_2.fastq.gz","auto"
"SRX18040019","/gscratch/scrubbed/strigg/analyses/20241205_FetchNGS/fastq/SRX18040019_SRR22059173_1.fastq.gz","/gscratch/scrubbed/strigg/analyses/20241205_FetchNGS/fastq/SRX18040019_SRR22059173_2.fastq.gz","auto"
"SRX18040020","/gscratch/scrubbed/strigg/analyses/20241205_FetchNGS/fastq/SRX18040020_SRR22059172_1.fastq.gz","/gscratch/scrubbed/strigg/analyses/20241205_FetchNGS/fastq/SRX18040020_SRR22059172_2.fastq.gz","auto"
"SRX18040021","/gscratch/scrubbed/strigg/analyses/20241205_FetchNGS/fastq/SRX18040021_SRR22059171_1.fastq.gz","/gscratch/scrubbed/strigg/analyses/20241205_FetchNGS/fastq/SRX18040021_SRR22059171_2.fastq.gz","auto"
"SRX18040022","/gscratch/scrubbed/strigg/analyses/20241205_FetchNGS/fastq/SRX18040022_SRR22059170_1.fastq.gz","/gscratch/scrubbed/strigg/analyses/20241205_FetchNGS/fastq/SRX18040022_SRR22059170_2.fastq.gz","auto"
"SRX18040023","/gscratch/scrubbed/strigg/analyses/20241205_FetchNGS/fastq/SRX18040023_SRR22059169_1.fastq.gz","/gscratch/scrubbed/strigg/analyses/20241205_FetchNGS/fastq/SRX18040023_SRR22059169_2.fastq.gz","auto"
"SRX18040024","/gscratch/scrubbed/strigg/analyses/20241205_FetchNGS/fastq/SRX18040024_SRR22059168_1.fastq.gz","/gscratch/scrubbed/strigg/analyses/20241205_FetchNGS/fastq/SRX18040024_SRR22059168_2.fastq.gz","auto"
"SRX18040025","/gscratch/scrubbed/strigg/analyses/20241205_FetchNGS/fastq/SRX18040025_SRR22059165_1.fastq.gz","/gscratch/scrubbed/strigg/analyses/20241205_FetchNGS/fastq/SRX18040025_SRR22059165_2.fastq.gz","auto"
"SRX18040026","/gscratch/scrubbed/strigg/analyses/20241205_FetchNGS/fastq/SRX18040026_SRR22059164_1.fastq.gz","/gscratch/scrubbed/strigg/analyses/20241205_FetchNGS/fastq/SRX18040026_SRR22059164_2.fastq.gz","auto"
"SRX18040027","/gscratch/scrubbed/strigg/analyses/20241205_FetchNGS/fastq/SRX18040027_SRR22059163_1.fastq.gz","/gscratch/scrubbed/strigg/analyses/20241205_FetchNGS/fastq/SRX18040027_SRR22059163_2.fastq.gz","auto"
"SRX18040028","/gscratch/scrubbed/strigg/analyses/20241205_FetchNGS/fastq/SRX18040028_SRR22059161_1.fastq.gz","/gscratch/scrubbed/strigg/analyses/20241205_FetchNGS/fastq/SRX18040028_SRR22059161_2.fastq.gz","auto"
"SRX18040029","/gscratch/scrubbed/strigg/analyses/20241205_FetchNGS/fastq/SRX18040029_SRR22059160_1.fastq.gz","/gscratch/scrubbed/strigg/analyses/20241205_FetchNGS/fastq/SRX18040029_SRR22059160_2.fastq.gz","auto"
"SRX18040030","/gscratch/scrubbed/strigg/analyses/20241205_FetchNGS/fastq/SRX18040030_SRR22059159_1.fastq.gz","/gscratch/scrubbed/strigg/analyses/20241205_FetchNGS/fastq/SRX18040030_SRR22059159_2.fastq.gz","auto"
"SRX18040031","/gscratch/scrubbed/strigg/analyses/20241205_FetchNGS/fastq/SRX18040031_SRR22059162_1.fastq.gz","/gscratch/scrubbed/strigg/analyses/20241205_FetchNGS/fastq/SRX18040031_SRR22059162_2.fastq.gz","auto"
"SRX18040032","/gscratch/scrubbed/strigg/analyses/20241205_FetchNGS/fastq/SRX18040032_SRR22059158_1.fastq.gz","/gscratch/scrubbed/strigg/analyses/20241205_FetchNGS/fastq/SRX18040032_SRR22059158_2.fastq.gz","auto"
"SRX18040033","/gscratch/scrubbed/strigg/analyses/20241205_FetchNGS/fastq/SRX18040033_SRR22059157_1.fastq.gz","/gscratch/scrubbed/strigg/analyses/20241205_FetchNGS/fastq/SRX18040033_SRR22059157_2.fastq.gz","auto"
"SRX18040034","/gscratch/scrubbed/strigg/analyses/20241205_FetchNGS/fastq/SRX18040034_SRR22059156_1.fastq.gz","/gscratch/scrubbed/strigg/analyses/20241205_FetchNGS/fastq/SRX18040034_SRR22059156_2.fastq.gz","auto"
"SRX18040035","/gscratch/scrubbed/strigg/analyses/20241205_FetchNGS/fastq/SRX18040035_SRR22059155_1.fastq.gz","/gscratch/scrubbed/strigg/analyses/20241205_FetchNGS/fastq/SRX18040035_SRR22059155_2.fastq.gz","auto"
"SRX18040036","/gscratch/scrubbed/strigg/analyses/20241205_FetchNGS/fastq/SRX18040036_SRR22059153_1.fastq.gz","/gscratch/scrubbed/strigg/analyses/20241205_FetchNGS/fastq/SRX18040036_SRR22059153_2.fastq.gz","auto"
"SRX18040037","/gscratch/scrubbed/strigg/analyses/20241205_FetchNGS/fastq/SRX18040037_SRR22059152_1.fastq.gz","/gscratch/scrubbed/strigg/analyses/20241205_FetchNGS/fastq/SRX18040037_SRR22059152_2.fastq.gz","auto"
"SRX18040038","/gscratch/scrubbed/strigg/analyses/20241205_FetchNGS/fastq/SRX18040038_SRR22059151_1.fastq.gz","/gscratch/scrubbed/strigg/analyses/20241205_FetchNGS/fastq/SRX18040038_SRR22059151_2.fastq.gz","auto"
"SRX18040039","/gscratch/scrubbed/strigg/analyses/20241205_FetchNGS/fastq/SRX18040039_SRR22059154_1.fastq.gz","/gscratch/scrubbed/strigg/analyses/20241205_FetchNGS/fastq/SRX18040039_SRR22059154_2.fastq.gz","auto"
"SRX18040040","/gscratch/scrubbed/strigg/analyses/20241205_FetchNGS/fastq/SRX18040040_SRR22059150_1.fastq.gz","/gscratch/scrubbed/strigg/analyses/20241205_FetchNGS/fastq/SRX18040040_SRR22059150_2.fastq.gz","auto"
"SRX18040041","/gscratch/scrubbed/strigg/analyses/20241205_FetchNGS/fastq/SRX18040041_SRR22059149_1.fastq.gz","/gscratch/scrubbed/strigg/analyses/20241205_FetchNGS/fastq/SRX18040041_SRR22059149_2.fastq.gz","auto"
"SRX18040042","/gscratch/scrubbed/strigg/analyses/20241205_FetchNGS/fastq/SRX18040042_SRR22059148_1.fastq.gz","/gscratch/scrubbed/strigg/analyses/20241205_FetchNGS/fastq/SRX18040042_SRR22059148_2.fastq.gz","auto"
"SRX18040043","/gscratch/scrubbed/strigg/analyses/20241205_FetchNGS/fastq/SRX18040043_SRR22059147_1.fastq.gz","/gscratch/scrubbed/strigg/analyses/20241205_FetchNGS/fastq/SRX18040043_SRR22059147_2.fastq.gz","auto"
"SRX18040044","/gscratch/scrubbed/strigg/analyses/20241205_FetchNGS/fastq/SRX18040044_SRR22059145_1.fastq.gz","/gscratch/scrubbed/strigg/analyses/20241205_FetchNGS/fastq/SRX18040044_SRR22059145_2.fastq.gz","auto"
"SRX18040045","/gscratch/scrubbed/strigg/analyses/20241205_FetchNGS/fastq/SRX18040045_SRR22059144_1.fastq.gz","/gscratch/scrubbed/strigg/analyses/20241205_FetchNGS/fastq/SRX18040045_SRR22059144_2.fastq.gz","auto"
"SRX18040046","/gscratch/scrubbed/strigg/analyses/20241205_FetchNGS/fastq/SRX18040046_SRR22059143_1.fastq.gz","/gscratch/scrubbed/strigg/analyses/20241205_FetchNGS/fastq/SRX18040046_SRR22059143_2.fastq.gz","auto"
"SRX18040047","/gscratch/scrubbed/strigg/analyses/20241205_FetchNGS/fastq/SRX18040047_SRR22059146_1.fastq.gz","/gscratch/scrubbed/strigg/analyses/20241205_FetchNGS/fastq/SRX18040047_SRR22059146_2.fastq.gz","auto"
"SRX18040048","/gscratch/scrubbed/strigg/analyses/20241205_FetchNGS/fastq/SRX18040048_SRR22059142_1.fastq.gz","/gscratch/scrubbed/strigg/analyses/20241205_FetchNGS/fastq/SRX18040048_SRR22059142_2.fastq.gz","auto"
"SRX18040049","/gscratch/scrubbed/strigg/analyses/20241205_FetchNGS/fastq/SRX18040049_SRR22059141_1.fastq.gz","/gscratch/scrubbed/strigg/analyses/20241205_FetchNGS/fastq/SRX18040049_SRR22059141_2.fastq.gz","auto"
"SRX18040050","/gscratch/scrubbed/strigg/analyses/20241205_FetchNGS/fastq/SRX18040050_SRR22059166_1.fastq.gz","/gscratch/scrubbed/strigg/analyses/20241205_FetchNGS/fastq/SRX18040050_SRR22059166_2.fastq.gz","auto"
"SRX18040051","/gscratch/scrubbed/strigg/analyses/20241205_FetchNGS/fastq/SRX18040051_SRR22059140_1.fastq.gz","/gscratch/scrubbed/strigg/analyses/20241205_FetchNGS/fastq/SRX18040051_SRR22059140_2.fastq.gz","auto"
"SRX18040052","/gscratch/scrubbed/strigg/analyses/20241205_FetchNGS/fastq/SRX18040052_SRR22059139_1.fastq.gz","/gscratch/scrubbed/strigg/analyses/20241205_FetchNGS/fastq/SRX18040052_SRR22059139_2.fastq.gz","auto"
"SRX18040053","/gscratch/scrubbed/strigg/analyses/20241205_FetchNGS/fastq/SRX18040053_SRR22059138_1.fastq.gz","/gscratch/scrubbed/strigg/analyses/20241205_FetchNGS/fastq/SRX18040053_SRR22059138_2.fastq.gz","auto"
"SRX18040054","/gscratch/scrubbed/strigg/analyses/20241205_FetchNGS/fastq/SRX18040054_SRR22059137_1.fastq.gz","/gscratch/scrubbed/strigg/analyses/20241205_FetchNGS/fastq/SRX18040054_SRR22059137_2.fastq.gz","auto"
"SRX18040055","/gscratch/scrubbed/strigg/analyses/20241205_FetchNGS/fastq/SRX18040055_SRR22059135_1.fastq.gz","/gscratch/scrubbed/strigg/analyses/20241205_FetchNGS/fastq/SRX18040055_SRR22059135_2.fastq.gz","auto"
"SRX18040056","/gscratch/scrubbed/strigg/analyses/20241205_FetchNGS/fastq/SRX18040056_SRR22059134_1.fastq.gz","/gscratch/scrubbed/strigg/analyses/20241205_FetchNGS/fastq/SRX18040056_SRR22059134_2.fastq.gz","auto"
"SRX18040057","/gscratch/scrubbed/strigg/analyses/20241205_FetchNGS/fastq/SRX18040057_SRR22059133_1.fastq.gz","/gscratch/scrubbed/strigg/analyses/20241205_FetchNGS/fastq/SRX18040057_SRR22059133_2.fastq.gz","auto"
"SRX18040058","/gscratch/scrubbed/strigg/analyses/20241205_FetchNGS/fastq/SRX18040058_SRR22059136_1.fastq.gz","/gscratch/scrubbed/strigg/analyses/20241205_FetchNGS/fastq/SRX18040058_SRR22059136_2.fastq.gz","auto"
"SRX18040059","/gscratch/scrubbed/strigg/analyses/20241205_FetchNGS/fastq/SRX18040059_SRR22059132_1.fastq.gz","/gscratch/scrubbed/strigg/analyses/20241205_FetchNGS/fastq/SRX18040059_SRR22059132_2.fastq.gz","auto"
"SRX18040060","/gscratch/scrubbed/strigg/analyses/20241205_FetchNGS/fastq/SRX18040060_SRR22059131_1.fastq.gz","/gscratch/scrubbed/strigg/analyses/20241205_FetchNGS/fastq/SRX18040060_SRR22059131_2.fastq.gz","auto"
"SRX18040061","/gscratch/scrubbed/strigg/analyses/20241205_FetchNGS/fastq/SRX18040061_SRR22059130_1.fastq.gz","/gscratch/scrubbed/strigg/analyses/20241205_FetchNGS/fastq/SRX18040061_SRR22059130_2.fastq.gz","auto"
"SRX18040062","/gscratch/scrubbed/strigg/analyses/20241205_FetchNGS/fastq/SRX18040062_SRR22059129_1.fastq.gz","/gscratch/scrubbed/strigg/analyses/20241205_FetchNGS/fastq/SRX18040062_SRR22059129_2.fastq.gz","auto"
"SRX18040063","/gscratch/scrubbed/strigg/analyses/20241205_FetchNGS/fastq/SRX18040063_SRR22059128_1.fastq.gz","/gscratch/scrubbed/strigg/analyses/20241205_FetchNGS/fastq/SRX18040063_SRR22059128_2.fastq.gz","auto"
"SRX18040064","/gscratch/scrubbed/strigg/analyses/20241205_FetchNGS/fastq/SRX18040064_SRR22059127_1.fastq.gz","/gscratch/scrubbed/strigg/analyses/20241205_FetchNGS/fastq/SRX18040064_SRR22059127_2.fastq.gz","auto"
"SRX7656957","/gscratch/scrubbed/strigg/analyses/20241205_FetchNGS/fastq/SRX7656957_SRR10995912.fastq.gz","","auto"
"SRX7656958","/gscratch/scrubbed/strigg/analyses/20241205_FetchNGS/fastq/SRX7656958_SRR10995911.fastq.gz","","auto"
"SRX7656959","/gscratch/scrubbed/strigg/analyses/20241205_FetchNGS/fastq/SRX7656959_SRR10995910.fastq.gz","","auto"
"SRX7656960","/gscratch/scrubbed/strigg/analyses/20241205_FetchNGS/fastq/SRX7656960_SRR10995909.fastq.gz","","auto"
"SRX7656961","/gscratch/scrubbed/strigg/analyses/20241205_FetchNGS/fastq/SRX7656961_SRR10995908.fastq.gz","","auto"
"SRX7656962","/gscratch/scrubbed/strigg/analyses/20241205_FetchNGS/fastq/SRX7656962_SRR10995907.fastq.gz","","auto"
"SRX7656963","/gscratch/scrubbed/strigg/analyses/20241205_FetchNGS/fastq/SRX7656963_SRR10995906.fastq.gz","","auto"
"SRX7656964","/gscratch/scrubbed/strigg/analyses/20241205_FetchNGS/fastq/SRX7656964_SRR10995905.fastq.gz","","auto"
"SRX7656965","/gscratch/scrubbed/strigg/analyses/20241205_FetchNGS/fastq/SRX7656965_SRR10995904.fastq.gz","","auto"
"SRX7656966","/gscratch/scrubbed/strigg/analyses/20241205_FetchNGS/fastq/SRX7656966_SRR10995903.fastq.gz","","auto"
"SRX7656967","/gscratch/scrubbed/strigg/analyses/20241205_FetchNGS/fastq/SRX7656967_SRR10995902.fastq.gz","","auto"
"SRX7656968","/gscratch/scrubbed/strigg/analyses/20241205_FetchNGS/fastq/SRX7656968_SRR10995901.fastq.gz","","auto"
"SRX7656969","/gscratch/scrubbed/strigg/analyses/20241205_FetchNGS/fastq/SRX7656969_SRR10995900.fastq.gz","","auto"
"SRX7656970","/gscratch/scrubbed/strigg/analyses/20241205_FetchNGS/fastq/SRX7656970_SRR10995899.fastq.gz","","auto"
"SRX7656971","/gscratch/scrubbed/strigg/analyses/20241205_FetchNGS/fastq/SRX7656971_SRR10995898.fastq.gz","","auto"
"SRX7656972","/gscratch/scrubbed/strigg/analyses/20241205_FetchNGS/fastq/SRX7656972_SRR10995897.fastq.gz","","auto"
"SRX7656973","/gscratch/scrubbed/strigg/analyses/20241205_FetchNGS/fastq/SRX7656973_SRR10995896.fastq.gz","","auto"
"SRX7656974","/gscratch/scrubbed/strigg/analyses/20241205_FetchNGS/fastq/SRX7656974_SRR10995895.fastq.gz","","auto"
"SRX7656975","/gscratch/scrubbed/strigg/analyses/20241205_FetchNGS/fastq/SRX7656975_SRR10995894.fastq.gz","","auto"
"SRX7656976","/gscratch/scrubbed/strigg/analyses/20241205_FetchNGS/fastq/SRX7656976_SRR10995893.fastq.gz","","auto"
"SRX7656977","/gscratch/scrubbed/strigg/analyses/20241205_FetchNGS/fastq/SRX7656977_SRR10995892.fastq.gz","","auto"
"SRX7656978","/gscratch/scrubbed/strigg/analyses/20241205_FetchNGS/fastq/SRX7656978_SRR10995891.fastq.gz","","auto"
"SRX7656979","/gscratch/scrubbed/strigg/analyses/20241205_FetchNGS/fastq/SRX7656979_SRR10995890.fastq.gz","","auto"
"SRX7656980","/gscratch/scrubbed/strigg/analyses/20241205_FetchNGS/fastq/SRX7656980_SRR10995889.fastq.gz","","auto"
"SRX7656981","/gscratch/scrubbed/strigg/analyses/20241205_FetchNGS/fastq/SRX7656981_SRR10995888.fastq.gz","","auto"
"SRX7656982","/gscratch/scrubbed/strigg/analyses/20241205_FetchNGS/fastq/SRX7656982_SRR10995887.fastq.gz","","auto"
"SRX7656983","/gscratch/scrubbed/strigg/analyses/20241205_FetchNGS/fastq/SRX7656983_SRR10995886.fastq.gz","","auto"
"SRX7656984","/gscratch/scrubbed/strigg/analyses/20241205_FetchNGS/fastq/SRX7656984_SRR10995885.fastq.gz","","auto"
"SRX7656985","/gscratch/scrubbed/strigg/analyses/20241205_FetchNGS/fastq/SRX7656985_SRR10995884.fastq.gz","","auto"
"SRX7656986","/gscratch/scrubbed/strigg/analyses/20241205_FetchNGS/fastq/SRX7656986_SRR10995883.fastq.gz","","auto"
"SRX7656987","/gscratch/scrubbed/strigg/analyses/20241205_FetchNGS/fastq/SRX7656987_SRR10995882.fastq.gz","","auto"
"SRX7656988","/gscratch/scrubbed/strigg/analyses/20241205_FetchNGS/fastq/SRX7656988_SRR10995881.fastq.gz","","auto"
"SRX7656989","/gscratch/scrubbed/strigg/analyses/20241205_FetchNGS/fastq/SRX7656989_SRR10995880.fastq.gz","","auto"
"SRX7656990","/gscratch/scrubbed/strigg/analyses/20241205_FetchNGS/fastq/SRX7656990_SRR10995879.fastq.gz","","auto"
"SRX7656991","/gscratch/scrubbed/strigg/analyses/20241205_FetchNGS/fastq/SRX7656991_SRR10995878.fastq.gz","","auto"
"SRX7656992","/gscratch/scrubbed/strigg/analyses/20241205_FetchNGS/fastq/SRX7656992_SRR10995877.fastq.gz","","auto"
"SRX7656993","/gscratch/scrubbed/strigg/analyses/20241205_FetchNGS/fastq/SRX7656993_SRR10995876.fastq.gz","","auto"
"SRX7656994","/gscratch/scrubbed/strigg/analyses/20241205_FetchNGS/fastq/SRX7656994_SRR10995875.fastq.gz","","auto"
"SRX7656995","/gscratch/scrubbed/strigg/analyses/20241205_FetchNGS/fastq/SRX7656995_SRR10995874.fastq.gz","","auto"
"SRX7656996","/gscratch/scrubbed/strigg/analyses/20241205_FetchNGS/fastq/SRX7656996_SRR10995873.fastq.gz","","auto"
"SRX9845500","/gscratch/scrubbed/strigg/analyses/20241205_FetchNGS/fastq/SRX9845500_SRR13430609_1.fastq.gz","/gscratch/scrubbed/strigg/analyses/20241205_FetchNGS/fastq/SRX9845500_SRR13430609_2.fastq.gz","auto"
"SRX9845501","/gscratch/scrubbed/strigg/analyses/20241205_FetchNGS/fastq/SRX9845501_SRR13430608_1.fastq.gz","/gscratch/scrubbed/strigg/analyses/20241205_FetchNGS/fastq/SRX9845501_SRR13430608_2.fastq.gz","auto"
"SRX9845502","/gscratch/scrubbed/strigg/analyses/20241205_FetchNGS/fastq/SRX9845502_SRR13430607_1.fastq.gz","/gscratch/scrubbed/strigg/analyses/20241205_FetchNGS/fastq/SRX9845502_SRR13430607_2.fastq.gz","auto"
"SRX9845503","/gscratch/scrubbed/strigg/analyses/20241205_FetchNGS/fastq/SRX9845503_SRR13430606_1.fastq.gz","/gscratch/scrubbed/strigg/analyses/20241205_FetchNGS/fastq/SRX9845503_SRR13430606_2.fastq.gz","auto"
"SRX9845504","/gscratch/scrubbed/strigg/analyses/20241205_FetchNGS/fastq/SRX9845504_SRR13430605_1.fastq.gz","/gscratch/scrubbed/strigg/analyses/20241205_FetchNGS/fastq/SRX9845504_SRR13430605_2.fastq.gz","auto"
"SRX9845505","/gscratch/scrubbed/strigg/analyses/20241205_FetchNGS/fastq/SRX9845505_SRR13430604_1.fastq.gz","/gscratch/scrubbed/strigg/analyses/20241205_FetchNGS/fastq/SRX9845505_SRR13430604_2.fastq.gz","auto"
"SRX9845506","/gscratch/scrubbed/strigg/analyses/20241205_FetchNGS/fastq/SRX9845506_SRR13430603_1.fastq.gz","/gscratch/scrubbed/strigg/analyses/20241205_FetchNGS/fastq/SRX9845506_SRR13430603_2.fastq.gz","auto"
"SRX9845507","/gscratch/scrubbed/strigg/analyses/20241205_FetchNGS/fastq/SRX9845507_SRR13430602_1.fastq.gz","/gscratch/scrubbed/strigg/analyses/20241205_FetchNGS/fastq/SRX9845507_SRR13430602_2.fastq.gz","auto"
"SRX9845508","/gscratch/scrubbed/strigg/analyses/20241205_FetchNGS/fastq/SRX9845508_SRR13430601_1.fastq.gz","/gscratch/scrubbed/strigg/analyses/20241205_FetchNGS/fastq/SRX9845508_SRR13430601_2.fastq.gz","auto"
"SRX9845509","/gscratch/scrubbed/strigg/analyses/20241205_FetchNGS/fastq/SRX9845509_SRR13430600_1.fastq.gz","/gscratch/scrubbed/strigg/analyses/20241205_FetchNGS/fastq/SRX9845509_SRR13430600_2.fastq.gz","auto"
"SRX9845510","/gscratch/scrubbed/strigg/analyses/20241205_FetchNGS/fastq/SRX9845510_SRR13430599_1.fastq.gz","/gscratch/scrubbed/strigg/analyses/20241205_FetchNGS/fastq/SRX9845510_SRR13430599_2.fastq.gz","auto"
"SRX9845511","/gscratch/scrubbed/strigg/analyses/20241205_FetchNGS/fastq/SRX9845511_SRR13430598_1.fastq.gz","/gscratch/scrubbed/strigg/analyses/20241205_FetchNGS/fastq/SRX9845511_SRR13430598_2.fastq.gz","auto"
"SRX9845512","/gscratch/scrubbed/strigg/analyses/20241205_FetchNGS/fastq/SRX9845512_SRR13430597_1.fastq.gz","/gscratch/scrubbed/strigg/analyses/20241205_FetchNGS/fastq/SRX9845512_SRR13430597_2.fastq.gz","auto"
"SRX9845513","/gscratch/scrubbed/strigg/analyses/20241205_FetchNGS/fastq/SRX9845513_SRR13430596_1.fastq.gz","/gscratch/scrubbed/strigg/analyses/20241205_FetchNGS/fastq/SRX9845513_SRR13430596_2.fastq.gz","auto"
"SRX9845514","/gscratch/scrubbed/strigg/analyses/20241205_FetchNGS/fastq/SRX9845514_SRR13430595_1.fastq.gz","/gscratch/scrubbed/strigg/analyses/20241205_FetchNGS/fastq/SRX9845514_SRR13430595_2.fastq.gz","auto"
"SRX9845515","/gscratch/scrubbed/strigg/analyses/20241205_FetchNGS/fastq/SRX9845515_SRR13430594_1.fastq.gz","/gscratch/scrubbed/strigg/analyses/20241205_FetchNGS/fastq/SRX9845515_SRR13430594_2.fastq.gz","auto"
"SRX9845516","/gscratch/scrubbed/strigg/analyses/20241205_FetchNGS/fastq/SRX9845516_SRR13430593_1.fastq.gz","/gscratch/scrubbed/strigg/analyses/20241205_FetchNGS/fastq/SRX9845516_SRR13430593_2.fastq.gz","auto"
"SRX9845517","/gscratch/scrubbed/strigg/analyses/20241205_FetchNGS/fastq/SRX9845517_SRR13430592_1.fastq.gz","/gscratch/scrubbed/strigg/analyses/20241205_FetchNGS/fastq/SRX9845517_SRR13430592_2.fastq.gz","auto"
"SRX9845518","/gscratch/scrubbed/strigg/analyses/20241205_FetchNGS/fastq/SRX9845518_SRR13430591_1.fastq.gz","/gscratch/scrubbed/strigg/analyses/20241205_FetchNGS/fastq/SRX9845518_SRR13430591_2.fastq.gz","auto"
"SRX9845519","/gscratch/scrubbed/strigg/analyses/20241205_FetchNGS/fastq/SRX9845519_SRR13430590_1.fastq.gz","/gscratch/scrubbed/strigg/analyses/20241205_FetchNGS/fastq/SRX9845519_SRR13430590_2.fastq.gz","auto"
"SRX9845520","/gscratch/scrubbed/strigg/analyses/20241205_FetchNGS/fastq/SRX9845520_SRR13430589_1.fastq.gz","/gscratch/scrubbed/strigg/analyses/20241205_FetchNGS/fastq/SRX9845520_SRR13430589_2.fastq.gz","auto"
"SRX9845521","/gscratch/scrubbed/strigg/analyses/20241205_FetchNGS/fastq/SRX9845521_SRR13430588_1.fastq.gz","/gscratch/scrubbed/strigg/analyses/20241205_FetchNGS/fastq/SRX9845521_SRR13430588_2.fastq.gz","auto"
"SRX9845522","/gscratch/scrubbed/strigg/analyses/20241205_FetchNGS/fastq/SRX9845522_SRR13430587_1.fastq.gz","/gscratch/scrubbed/strigg/analyses/20241205_FetchNGS/fastq/SRX9845522_SRR13430587_2.fastq.gz","auto"
"SRX9845523","/gscratch/scrubbed/strigg/analyses/20241205_FetchNGS/fastq/SRX9845523_SRR13430586_1.fastq.gz","/gscratch/scrubbed/strigg/analyses/20241205_FetchNGS/fastq/SRX9845523_SRR13430586_2.fastq.gz","auto"
"SRX9845524","/gscratch/scrubbed/strigg/analyses/20241205_FetchNGS/fastq/SRX9845524_SRR13430585_1.fastq.gz","/gscratch/scrubbed/strigg/analyses/20241205_FetchNGS/fastq/SRX9845524_SRR13430585_2.fastq.gz","auto"
"SRX9845525","/gscratch/scrubbed/strigg/analyses/20241205_FetchNGS/fastq/SRX9845525_SRR13430584_1.fastq.gz","/gscratch/scrubbed/strigg/analyses/20241205_FetchNGS/fastq/SRX9845525_SRR13430584_2.fastq.gz","auto"
"SRX9845526","/gscratch/scrubbed/strigg/analyses/20241205_FetchNGS/fastq/SRX9845526_SRR13430583_1.fastq.gz","/gscratch/scrubbed/strigg/analyses/20241205_FetchNGS/fastq/SRX9845526_SRR13430583_2.fastq.gz","auto"
"SRX9845527","/gscratch/scrubbed/strigg/analyses/20241205_FetchNGS/fastq/SRX9845527_SRR13430582_1.fastq.gz","/gscratch/scrubbed/strigg/analyses/20241205_FetchNGS/fastq/SRX9845527_SRR13430582_2.fastq.gz","auto"
"SRX9845528","/gscratch/scrubbed/strigg/analyses/20241205_FetchNGS/fastq/SRX9845528_SRR13430581_1.fastq.gz","/gscratch/scrubbed/strigg/analyses/20241205_FetchNGS/fastq/SRX9845528_SRR13430581_2.fastq.gz","auto"
"SRX9845529","/gscratch/scrubbed/strigg/analyses/20241205_FetchNGS/fastq/SRX9845529_SRR13430580_1.fastq.gz","/gscratch/scrubbed/strigg/analyses/20241205_FetchNGS/fastq/SRX9845529_SRR13430580_2.fastq.gz","auto"
"SRX9845530","/gscratch/scrubbed/strigg/analyses/20241205_FetchNGS/fastq/SRX9845530_SRR13430579_1.fastq.gz","/gscratch/scrubbed/strigg/analyses/20241205_FetchNGS/fastq/SRX9845530_SRR13430579_2.fastq.gz","auto"
"SRX9845531","/gscratch/scrubbed/strigg/analyses/20241205_FetchNGS/fastq/SRX9845531_SRR13430578_1.fastq.gz","/gscratch/scrubbed/strigg/analyses/20241205_FetchNGS/fastq/SRX9845531_SRR13430578_2.fastq.gz","auto"
"SRX9845532","/gscratch/scrubbed/strigg/analyses/20241205_FetchNGS/fastq/SRX9845532_SRR13430577_1.fastq.gz","/gscratch/scrubbed/strigg/analyses/20241205_FetchNGS/fastq/SRX9845532_SRR13430577_2.fastq.gz","auto"
"SRX9845533","/gscratch/scrubbed/strigg/analyses/20241205_FetchNGS/fastq/SRX9845533_SRR13430576_1.fastq.gz","/gscratch/scrubbed/strigg/analyses/20241205_FetchNGS/fastq/SRX9845533_SRR13430576_2.fastq.gz","auto"
"SRX9845534","/gscratch/scrubbed/strigg/analyses/20241205_FetchNGS/fastq/SRX9845534_SRR13430575_1.fastq.gz","/gscratch/scrubbed/strigg/analyses/20241205_FetchNGS/fastq/SRX9845534_SRR13430575_2.fastq.gz","auto"
"SRX9845535","/gscratch/scrubbed/strigg/analyses/20241205_FetchNGS/fastq/SRX9845535_SRR13430574_1.fastq.gz","/gscratch/scrubbed/strigg/analyses/20241205_FetchNGS/fastq/SRX9845535_SRR13430574_2.fastq.gz","auto"
"SRX9845536","/gscratch/scrubbed/strigg/analyses/20241205_FetchNGS/fastq/SRX9845536_SRR13430573_1.fastq.gz","/gscratch/scrubbed/strigg/analyses/20241205_FetchNGS/fastq/SRX9845536_SRR13430573_2.fastq.gz","auto"
"SRX9845537","/gscratch/scrubbed/strigg/analyses/20241205_FetchNGS/fastq/SRX9845537_SRR13430572_1.fastq.gz","/gscratch/scrubbed/strigg/analyses/20241205_FetchNGS/fastq/SRX9845537_SRR13430572_2.fastq.gz","auto"
"SRX9845538","/gscratch/scrubbed/strigg/analyses/20241205_FetchNGS/fastq/SRX9845538_SRR13430571_1.fastq.gz","/gscratch/scrubbed/strigg/analyses/20241205_FetchNGS/fastq/SRX9845538_SRR13430571_2.fastq.gz","auto"
"SRX9845539","/gscratch/scrubbed/strigg/analyses/20241205_FetchNGS/fastq/SRX9845539_SRR13430570_1.fastq.gz","/gscratch/scrubbed/strigg/analyses/20241205_FetchNGS/fastq/SRX9845539_SRR13430570_2.fastq.gz","auto"
"SRX9845540","/gscratch/scrubbed/strigg/analyses/20241205_FetchNGS/fastq/SRX9845540_SRR13430569_1.fastq.gz","/gscratch/scrubbed/strigg/analyses/20241205_FetchNGS/fastq/SRX9845540_SRR13430569_2.fastq.gz","auto"
"SRX9845541","/gscratch/scrubbed/strigg/analyses/20241205_FetchNGS/fastq/SRX9845541_SRR13430568_1.fastq.gz","/gscratch/scrubbed/strigg/analyses/20241205_FetchNGS/fastq/SRX9845541_SRR13430568_2.fastq.gz","auto"
"SRX9845542","/gscratch/scrubbed/strigg/analyses/20241205_FetchNGS/fastq/SRX9845542_SRR13430567_1.fastq.gz","/gscratch/scrubbed/strigg/analyses/20241205_FetchNGS/fastq/SRX9845542_SRR13430567_2.fastq.gz","auto"
"SRX9845543","/gscratch/scrubbed/strigg/analyses/20241205_FetchNGS/fastq/SRX9845543_SRR13430566_1.fastq.gz","/gscratch/scrubbed/strigg/analyses/20241205_FetchNGS/fastq/SRX9845543_SRR13430566_2.fastq.gz","auto"
