"sample","fastq_1","fastq_2","run_accession","experiment_accession","sample_accession","secondary_sample_accession","study_accession","secondary_study_accession","submission_accession","run_alias","experiment_alias","sample_alias","study_alias","library_layout","library_selection","library_source","library_strategy","library_name","instrument_model","instrument_platform","base_count","read_count","tax_id","scientific_name","sample_title","experiment_title","study_title","sample_description","fastq_md5","fastq_bytes","fastq_ftp","fastq_galaxy","fastq_aspera"
"SRX7172518","/mmfs1/gscratch/scrubbed/elstrand/Cvir_disease_meta/dataset5/fastq/SRX7172518_SRR10482877_1.fastq.gz","/mmfs1/gscratch/scrubbed/elstrand/Cvir_disease_meta/dataset5/fastq/SRX7172518_SRR10482877_2.fastq.gz","SRR10482877","SRX7172518","SAMN13321267","SRS5679186","PRJNA590205","SRP230336","SRA997639","DCS2015_P9_DA155_AGTTCC.R1.fastq.gz","DA155","DA155","PRJNA590205","PAIRED","PolyA","TRANSCRIPTOMIC","RNA-Seq","DA155","Illumina HiSeq 2500","ILLUMINA","1754774750","7019099","6565","Crassostrea virginica","Control group biological replicate for breed 242 at time point 28 day","Illumina HiSeq 2500 sequencing: RNA-Seq of Crassostrea virginica: mantle tissue","Variation in global transcriptomic response to Perkinsus marinus infection among Eastern oyster families highlights potential mechanisms of disease resistance","Control group biological replicate for breed 242 at time point 28 day","d596acd5f8d80eb4d1fda7ecedcc2f1b;206990b2b34cbad861b73143d82782ec","500582598;507001459","ftp.sra.ebi.ac.uk/vol1/fastq/SRR104/077/SRR10482877/SRR10482877_1.fastq.gz;ftp.sra.ebi.ac.uk/vol1/fastq/SRR104/077/SRR10482877/SRR10482877_2.fastq.gz","ftp.sra.ebi.ac.uk/vol1/fastq/SRR104/077/SRR10482877/SRR10482877_1.fastq.gz;ftp.sra.ebi.ac.uk/vol1/fastq/SRR104/077/SRR10482877/SRR10482877_2.fastq.gz","fasp.sra.ebi.ac.uk:/vol1/fastq/SRR104/077/SRR10482877/SRR10482877_1.fastq.gz;fasp.sra.ebi.ac.uk:/vol1/fastq/SRR104/077/SRR10482877/SRR10482877_2.fastq.gz"
"SRX7172519","/mmfs1/gscratch/scrubbed/elstrand/Cvir_disease_meta/dataset5/fastq/SRX7172519_SRR10482876_1.fastq.gz","/mmfs1/gscratch/scrubbed/elstrand/Cvir_disease_meta/dataset5/fastq/SRX7172519_SRR10482876_2.fastq.gz","SRR10482876","SRX7172519","SAMN13321268","SRS5679187","PRJNA590205","SRP230336","SRA997639","DCS2015_P10_DA157_TGACCA.R1.fastq.gz","DA157","DA157","PRJNA590205","PAIRED","PolyA","TRANSCRIPTOMIC","RNA-Seq","DA157","Illumina HiSeq 2500","ILLUMINA","2119776000","8479104","6565","Crassostrea virginica","Control group biological replicate for breed 242 at time point 28 day","Illumina HiSeq 2500 sequencing: RNA-Seq of Crassostrea virginica: mantle tissue","Variation in global transcriptomic response to Perkinsus marinus infection among Eastern oyster families highlights potential mechanisms of disease resistance","Control group biological replicate for breed 242 at time point 28 day","34f34538350cb9b5f6eb0e4ca2699867;90351a1d663b9e5675c39d3f48ee6dcb","639535124;651097067","ftp.sra.ebi.ac.uk/vol1/fastq/SRR104/076/SRR10482876/SRR10482876_1.fastq.gz;ftp.sra.ebi.ac.uk/vol1/fastq/SRR104/076/SRR10482876/SRR10482876_2.fastq.gz","ftp.sra.ebi.ac.uk/vol1/fastq/SRR104/076/SRR10482876/SRR10482876_1.fastq.gz;ftp.sra.ebi.ac.uk/vol1/fastq/SRR104/076/SRR10482876/SRR10482876_2.fastq.gz","fasp.sra.ebi.ac.uk:/vol1/fastq/SRR104/076/SRR10482876/SRR10482876_1.fastq.gz;fasp.sra.ebi.ac.uk:/vol1/fastq/SRR104/076/SRR10482876/SRR10482876_2.fastq.gz"
"SRX7172520","/mmfs1/gscratch/scrubbed/elstrand/Cvir_disease_meta/dataset5/fastq/SRX7172520_SRR10482875_1.fastq.gz","/mmfs1/gscratch/scrubbed/elstrand/Cvir_disease_meta/dataset5/fastq/SRX7172520_SRR10482875_2.fastq.gz","SRR10482875","SRX7172520","SAMN13321277","SRS5679188","PRJNA590205","SRP230336","SRA997639","DCS2015_P9_DA56_CGATGT.R1.fastq.gz","DA56","DA56","PRJNA590205","PAIRED","PolyA","TRANSCRIPTOMIC","RNA-Seq","DA56","Illumina HiSeq 2500","ILLUMINA","1995537250","7982149","6565","Crassostrea virginica","Injected with Perkinsus marinus group biological replicate for breed 242 at time point 36 hours","Illumina HiSeq 2500 sequencing: RNA-Seq of Crassostrea virginica: mantle tissue","Variation in global transcriptomic response to Perkinsus marinus infection among Eastern oyster families highlights potential mechanisms of disease resistance","Injected with Perkinsus marinus group biological replicate for breed 242 at time point 36 hours","e6cfc427bf2525cb3f3f328a0894e9f7;5e4cc74b90b6970a810a8e837b4855b0","571572518;585036002","ftp.sra.ebi.ac.uk/vol1/fastq/SRR104/075/SRR10482875/SRR10482875_1.fastq.gz;ftp.sra.ebi.ac.uk/vol1/fastq/SRR104/075/SRR10482875/SRR10482875_2.fastq.gz","ftp.sra.ebi.ac.uk/vol1/fastq/SRR104/075/SRR10482875/SRR10482875_1.fastq.gz;ftp.sra.ebi.ac.uk/vol1/fastq/SRR104/075/SRR10482875/SRR10482875_2.fastq.gz","fasp.sra.ebi.ac.uk:/vol1/fastq/SRR104/075/SRR10482875/SRR10482875_1.fastq.gz;fasp.sra.ebi.ac.uk:/vol1/fastq/SRR104/075/SRR10482875/SRR10482875_2.fastq.gz"
"SRX7172521","/mmfs1/gscratch/scrubbed/elstrand/Cvir_disease_meta/dataset5/fastq/SRX7172521_SRR10482874_1.fastq.gz","/mmfs1/gscratch/scrubbed/elstrand/Cvir_disease_meta/dataset5/fastq/SRX7172521_SRR10482874_2.fastq.gz","SRR10482874","SRX7172521","SAMN13321278","SRS5679189","PRJNA590205","SRP230336","SRA997639","DCS2015_P11_DA59_CGATGT.R1.fastq.gz","DA59","DA59","PRJNA590205","PAIRED","PolyA","TRANSCRIPTOMIC","RNA-Seq","DA59","Illumina HiSeq 2500","ILLUMINA","1911617000","7646468","6565","Crassostrea virginica","Injected with Perkinsus marinus group biological replicate for breed 242 at time point 36 hours","Illumina HiSeq 2500 sequencing: RNA-Seq of Crassostrea virginica: mantle tissue","Variation in global transcriptomic response to Perkinsus marinus infection among Eastern oyster families highlights potential mechanisms of disease resistance","Injected with Perkinsus marinus group biological replicate for breed 242 at time point 36 hours","1184ace0695d9ff32e0bedc9c465a1ec;1ad112ff580cf61ba0d9fe5c547b7910","541602448;552609662","ftp.sra.ebi.ac.uk/vol1/fastq/SRR104/074/SRR10482874/SRR10482874_1.fastq.gz;ftp.sra.ebi.ac.uk/vol1/fastq/SRR104/074/SRR10482874/SRR10482874_2.fastq.gz","ftp.sra.ebi.ac.uk/vol1/fastq/SRR104/074/SRR10482874/SRR10482874_1.fastq.gz;ftp.sra.ebi.ac.uk/vol1/fastq/SRR104/074/SRR10482874/SRR10482874_2.fastq.gz","fasp.sra.ebi.ac.uk:/vol1/fastq/SRR104/074/SRR10482874/SRR10482874_1.fastq.gz;fasp.sra.ebi.ac.uk:/vol1/fastq/SRR104/074/SRR10482874/SRR10482874_2.fastq.gz"
"SRX7172522","/mmfs1/gscratch/scrubbed/elstrand/Cvir_disease_meta/dataset5/fastq/SRX7172522_SRR10482873_1.fastq.gz","/mmfs1/gscratch/scrubbed/elstrand/Cvir_disease_meta/dataset5/fastq/SRX7172522_SRR10482873_2.fastq.gz","SRR10482873","SRX7172522","SAMN13321279","SRS5679190","PRJNA590205","SRP230336","SRA997639","DCS2015_P11_DA60_TGACCA.R1.fastq.gz","DA60","DA60","PRJNA590205","PAIRED","PolyA","TRANSCRIPTOMIC","RNA-Seq","DA60","Illumina HiSeq 2500","ILLUMINA","2125086750","8500347","6565","Crassostrea virginica","Injected with Perkinsus marinus group biological replicate for breed 242 at time point 28 day","Illumina HiSeq 2500 sequencing: RNA-Seq of Crassostrea virginica: mantle tissue","Variation in global transcriptomic response to Perkinsus marinus infection among Eastern oyster families highlights potential mechanisms of disease resistance","Injected with Perkinsus marinus group biological replicate for breed 242 at time point 28 day","ab68a9ff64f8c961bfda62c2e5e6c902;99a65e0a83a14cb2c4220dfe12f65104","613277863;615092873","ftp.sra.ebi.ac.uk/vol1/fastq/SRR104/073/SRR10482873/SRR10482873_1.fastq.gz;ftp.sra.ebi.ac.uk/vol1/fastq/SRR104/073/SRR10482873/SRR10482873_2.fastq.gz","ftp.sra.ebi.ac.uk/vol1/fastq/SRR104/073/SRR10482873/SRR10482873_1.fastq.gz;ftp.sra.ebi.ac.uk/vol1/fastq/SRR104/073/SRR10482873/SRR10482873_2.fastq.gz","fasp.sra.ebi.ac.uk:/vol1/fastq/SRR104/073/SRR10482873/SRR10482873_1.fastq.gz;fasp.sra.ebi.ac.uk:/vol1/fastq/SRR104/073/SRR10482873/SRR10482873_2.fastq.gz"
"SRX7172523","/mmfs1/gscratch/scrubbed/elstrand/Cvir_disease_meta/dataset5/fastq/SRX7172523_SRR10482872_1.fastq.gz","/mmfs1/gscratch/scrubbed/elstrand/Cvir_disease_meta/dataset5/fastq/SRX7172523_SRR10482872_2.fastq.gz","SRR10482872","SRX7172523","SAMN13321324","SRS5679219","PRJNA590205","SRP230336","SRA997639","DCS2015_P9_LB62_GCCAAT.R1.fastq.gz","LB62","LB62","PRJNA590205","PAIRED","PolyA","TRANSCRIPTOMIC","RNA-Seq","LB62","Illumina HiSeq 2500","ILLUMINA","1578337000","6313348","6565","Crassostrea virginica","Injected with Perkinsus marinus group biological replicate for breed 266 at time point 7 day","Illumina HiSeq 2500 sequencing: RNA-Seq of Crassostrea virginica: mantle tissue","Variation in global transcriptomic response to Perkinsus marinus infection among Eastern oyster families highlights potential mechanisms of disease resistance","Injected with Perkinsus marinus group biological replicate for breed 266 at time point 7 day","320e9bdb965e780a7e9e52dae6c90b60;66c65a217208ec87259ed57a9769a825","457347982;459082258","ftp.sra.ebi.ac.uk/vol1/fastq/SRR104/072/SRR10482872/SRR10482872_1.fastq.gz;ftp.sra.ebi.ac.uk/vol1/fastq/SRR104/072/SRR10482872/SRR10482872_2.fastq.gz","ftp.sra.ebi.ac.uk/vol1/fastq/SRR104/072/SRR10482872/SRR10482872_1.fastq.gz;ftp.sra.ebi.ac.uk/vol1/fastq/SRR104/072/SRR10482872/SRR10482872_2.fastq.gz","fasp.sra.ebi.ac.uk:/vol1/fastq/SRR104/072/SRR10482872/SRR10482872_1.fastq.gz;fasp.sra.ebi.ac.uk:/vol1/fastq/SRR104/072/SRR10482872/SRR10482872_2.fastq.gz"
"SRX7172524","/mmfs1/gscratch/scrubbed/elstrand/Cvir_disease_meta/dataset5/fastq/SRX7172524_SRR10482871_1.fastq.gz","/mmfs1/gscratch/scrubbed/elstrand/Cvir_disease_meta/dataset5/fastq/SRX7172524_SRR10482871_2.fastq.gz","SRR10482871","SRX7172524","SAMN13321281","SRS5679192","PRJNA590205","SRP230336","SRA997639","DCS2015_P12_DA69_CGATGT.R1.fastq.gz","DA69","DA69","PRJNA590205","PAIRED","PolyA","TRANSCRIPTOMIC","RNA-Seq","DA69","Illumina HiSeq 2500","ILLUMINA","2291988750","9167955","6565","Crassostrea virginica","Injected with Perkinsus marinus group biological replicate for breed 242 at time point 36 hours","Illumina HiSeq 2500 sequencing: RNA-Seq of Crassostrea virginica: mantle tissue","Variation in global transcriptomic response to Perkinsus marinus infection among Eastern oyster families highlights potential mechanisms of disease resistance","Injected with Perkinsus marinus group biological replicate for breed 242 at time point 36 hours","1daa839310b529772e9a97faa202911f;a5424617cb819de6e2b936465519f3c5","646182909;657965511","ftp.sra.ebi.ac.uk/vol1/fastq/SRR104/071/SRR10482871/SRR10482871_1.fastq.gz;ftp.sra.ebi.ac.uk/vol1/fastq/SRR104/071/SRR10482871/SRR10482871_2.fastq.gz","ftp.sra.ebi.ac.uk/vol1/fastq/SRR104/071/SRR10482871/SRR10482871_1.fastq.gz;ftp.sra.ebi.ac.uk/vol1/fastq/SRR104/071/SRR10482871/SRR10482871_2.fastq.gz","fasp.sra.ebi.ac.uk:/vol1/fastq/SRR104/071/SRR10482871/SRR10482871_1.fastq.gz;fasp.sra.ebi.ac.uk:/vol1/fastq/SRR104/071/SRR10482871/SRR10482871_2.fastq.gz"
"SRX7172525","/mmfs1/gscratch/scrubbed/elstrand/Cvir_disease_meta/dataset5/fastq/SRX7172525_SRR10482870_1.fastq.gz","/mmfs1/gscratch/scrubbed/elstrand/Cvir_disease_meta/dataset5/fastq/SRX7172525_SRR10482870_2.fastq.gz","SRR10482870","SRX7172525","SAMN13321282","SRS5679193","PRJNA590205","SRP230336","SRA997639","DP21_ATCACG_TechRep1.R1.fastq.gz","DP21","DA17","PRJNA590205","PAIRED","PolyA","TRANSCRIPTOMIC","RNA-Seq","DP21","Illumina HiSeq 2500","ILLUMINA","3079314500","12317258","6565","Crassostrea virginica","Injected with Perkinsus marinus group biological replicate for breed 242 at time point 28 day","Illumina HiSeq 2500 sequencing: RNA-Seq of Crassostrea virginica: mantle tissue","Variation in global transcriptomic response to Perkinsus marinus infection among Eastern oyster families highlights potential mechanisms of disease resistance","Injected with Perkinsus marinus group biological replicate for breed 242 at time point 28 day","759618d47fd597600161fa138cd762e2;cbcbe8425a82156cbf0784fc08ae7ff7","980712307;880056910","ftp.sra.ebi.ac.uk/vol1/fastq/SRR104/070/SRR10482870/SRR10482870_1.fastq.gz;ftp.sra.ebi.ac.uk/vol1/fastq/SRR104/070/SRR10482870/SRR10482870_2.fastq.gz","ftp.sra.ebi.ac.uk/vol1/fastq/SRR104/070/SRR10482870/SRR10482870_1.fastq.gz;ftp.sra.ebi.ac.uk/vol1/fastq/SRR104/070/SRR10482870/SRR10482870_2.fastq.gz","fasp.sra.ebi.ac.uk:/vol1/fastq/SRR104/070/SRR10482870/SRR10482870_1.fastq.gz;fasp.sra.ebi.ac.uk:/vol1/fastq/SRR104/070/SRR10482870/SRR10482870_2.fastq.gz"
"SRX7172526","/mmfs1/gscratch/scrubbed/elstrand/Cvir_disease_meta/dataset5/fastq/SRX7172526_SRR10482869_1.fastq.gz","/mmfs1/gscratch/scrubbed/elstrand/Cvir_disease_meta/dataset5/fastq/SRX7172526_SRR10482869_2.fastq.gz","SRR10482869","SRX7172526","SAMN13321283","SRS5679194","PRJNA590205","SRP230336","SRA997639","DP23_TTAGGC_TechRep1.R1.fastq.gz","DP23","DA21","PRJNA590205","PAIRED","PolyA","TRANSCRIPTOMIC","RNA-Seq","DP23","Illumina HiSeq 2500","ILLUMINA","3350374750","13401499","6565","Crassostrea virginica","Injected with Perkinsus marinus group biological replicate for breed 242 at time point 36 hours","Illumina HiSeq 2500 sequencing: RNA-Seq of Crassostrea virginica: mantle tissue","Variation in global transcriptomic response to Perkinsus marinus infection among Eastern oyster families highlights potential mechanisms of disease resistance","Injected with Perkinsus marinus group biological replicate for breed 242 at time point 36 hours","ba6ef446c0ff86feb6f2edfd081ff3a7;46acf4ed348e557d38845f73a4324df6","960068482;951254674","ftp.sra.ebi.ac.uk/vol1/fastq/SRR104/069/SRR10482869/SRR10482869_1.fastq.gz;ftp.sra.ebi.ac.uk/vol1/fastq/SRR104/069/SRR10482869/SRR10482869_2.fastq.gz","ftp.sra.ebi.ac.uk/vol1/fastq/SRR104/069/SRR10482869/SRR10482869_1.fastq.gz;ftp.sra.ebi.ac.uk/vol1/fastq/SRR104/069/SRR10482869/SRR10482869_2.fastq.gz","fasp.sra.ebi.ac.uk:/vol1/fastq/SRR104/069/SRR10482869/SRR10482869_1.fastq.gz;fasp.sra.ebi.ac.uk:/vol1/fastq/SRR104/069/SRR10482869/SRR10482869_2.fastq.gz"
"SRX7172527","/mmfs1/gscratch/scrubbed/elstrand/Cvir_disease_meta/dataset5/fastq/SRX7172527_SRR10482868_1.fastq.gz","/mmfs1/gscratch/scrubbed/elstrand/Cvir_disease_meta/dataset5/fastq/SRX7172527_SRR10482868_2.fastq.gz","SRR10482868","SRX7172527","SAMN13321284","SRS5679195","PRJNA590205","SRP230336","SRA997639","DP24_ATCACG_TechRep1.R1.fastq.gz","DP24","DA25","PRJNA590205","PAIRED","PolyA","TRANSCRIPTOMIC","RNA-Seq","DP24","Illumina HiSeq 2500","ILLUMINA","3316744500","13266978","6565","Crassostrea virginica","Injected with Perkinsus marinus group biological replicate for breed 242 at time point 28 day","Illumina HiSeq 2500 sequencing: RNA-Seq of Crassostrea virginica: mantle tissue","Variation in global transcriptomic response to Perkinsus marinus infection among Eastern oyster families highlights potential mechanisms of disease resistance","Injected with Perkinsus marinus group biological replicate for breed 242 at time point 28 day","24e22a13aa4aa0b83f3fdfc84a621041;87cc7cbe90cce1c127561a6c51e59b27","1058797658;956374863","ftp.sra.ebi.ac.uk/vol1/fastq/SRR104/068/SRR10482868/SRR10482868_1.fastq.gz;ftp.sra.ebi.ac.uk/vol1/fastq/SRR104/068/SRR10482868/SRR10482868_2.fastq.gz","ftp.sra.ebi.ac.uk/vol1/fastq/SRR104/068/SRR10482868/SRR10482868_1.fastq.gz;ftp.sra.ebi.ac.uk/vol1/fastq/SRR104/068/SRR10482868/SRR10482868_2.fastq.gz","fasp.sra.ebi.ac.uk:/vol1/fastq/SRR104/068/SRR10482868/SRR10482868_1.fastq.gz;fasp.sra.ebi.ac.uk:/vol1/fastq/SRR104/068/SRR10482868/SRR10482868_2.fastq.gz"
"SRX7172528","/mmfs1/gscratch/scrubbed/elstrand/Cvir_disease_meta/dataset5/fastq/SRX7172528_SRR10482867_1.fastq.gz","/mmfs1/gscratch/scrubbed/elstrand/Cvir_disease_meta/dataset5/fastq/SRX7172528_SRR10482867_2.fastq.gz","SRR10482867","SRX7172528","SAMN13321285","SRS5679196","PRJNA590205","SRP230336","SRA997639","DP25_GTTTCG_TechRep1.R1.fastq.gz","DP25","DA28","PRJNA590205","PAIRED","PolyA","TRANSCRIPTOMIC","RNA-Seq","DP25","Illumina HiSeq 2500","ILLUMINA","2269588250","9078353","6565","Crassostrea virginica","Injected with Perkinsus marinus group biological replicate for breed 242 at time point 7 day","Illumina HiSeq 2500 sequencing: RNA-Seq of Crassostrea virginica: mantle tissue","Variation in global transcriptomic response to Perkinsus marinus infection among Eastern oyster families highlights potential mechanisms of disease resistance","Injected with Perkinsus marinus group biological replicate for breed 242 at time point 7 day","efe9c45883a2f525d8bbb91570667e67;1a19d0b735f9c82fc2bcd01954facf8f","642552433;641946160","ftp.sra.ebi.ac.uk/vol1/fastq/SRR104/067/SRR10482867/SRR10482867_1.fastq.gz;ftp.sra.ebi.ac.uk/vol1/fastq/SRR104/067/SRR10482867/SRR10482867_2.fastq.gz","ftp.sra.ebi.ac.uk/vol1/fastq/SRR104/067/SRR10482867/SRR10482867_1.fastq.gz;ftp.sra.ebi.ac.uk/vol1/fastq/SRR104/067/SRR10482867/SRR10482867_2.fastq.gz","fasp.sra.ebi.ac.uk:/vol1/fastq/SRR104/067/SRR10482867/SRR10482867_1.fastq.gz;fasp.sra.ebi.ac.uk:/vol1/fastq/SRR104/067/SRR10482867/SRR10482867_2.fastq.gz"
"SRX7172529","/mmfs1/gscratch/scrubbed/elstrand/Cvir_disease_meta/dataset5/fastq/SRX7172529_SRR10482866_1.fastq.gz","/mmfs1/gscratch/scrubbed/elstrand/Cvir_disease_meta/dataset5/fastq/SRX7172529_SRR10482866_2.fastq.gz","SRR10482866","SRX7172529","SAMN13321286","SRS5679197","PRJNA590205","SRP230336","SRA997639","DP28_ATCACG_TechRep1.R1.fastq.gz","DP28","DA37","PRJNA590205","PAIRED","PolyA","TRANSCRIPTOMIC","RNA-Seq","DP28","Illumina HiSeq 2500","ILLUMINA","3042873750","12171495","6565","Crassostrea virginica","Injected with Perkinsus marinus group biological replicate for breed 242 at time point 28 day","Illumina HiSeq 2500 sequencing: RNA-Seq of Crassostrea virginica: mantle tissue","Variation in global transcriptomic response to Perkinsus marinus infection among Eastern oyster families highlights potential mechanisms of disease resistance","Injected with Perkinsus marinus group biological replicate for breed 242 at time point 28 day","11affb42c529697a6ea96cfe15a17b1f;4e6be4b23e3a9ad722af97db9ec8f7f6","972622378;874352083","ftp.sra.ebi.ac.uk/vol1/fastq/SRR104/066/SRR10482866/SRR10482866_1.fastq.gz;ftp.sra.ebi.ac.uk/vol1/fastq/SRR104/066/SRR10482866/SRR10482866_2.fastq.gz","ftp.sra.ebi.ac.uk/vol1/fastq/SRR104/066/SRR10482866/SRR10482866_1.fastq.gz;ftp.sra.ebi.ac.uk/vol1/fastq/SRR104/066/SRR10482866/SRR10482866_2.fastq.gz","fasp.sra.ebi.ac.uk:/vol1/fastq/SRR104/066/SRR10482866/SRR10482866_1.fastq.gz;fasp.sra.ebi.ac.uk:/vol1/fastq/SRR104/066/SRR10482866/SRR10482866_2.fastq.gz"
"SRX7172530","/mmfs1/gscratch/scrubbed/elstrand/Cvir_disease_meta/dataset5/fastq/SRX7172530_SRR10482865_1.fastq.gz","/mmfs1/gscratch/scrubbed/elstrand/Cvir_disease_meta/dataset5/fastq/SRX7172530_SRR10482865_2.fastq.gz","SRR10482865","SRX7172530","SAMN13321269","SRS5679198","PRJNA590205","SRP230336","SRA997639","DCS2015_P9_DA159_AGTCAA.R1.fastq.gz","DA159","DA159","PRJNA590205","PAIRED","PolyA","TRANSCRIPTOMIC","RNA-Seq","DA159","Illumina HiSeq 2500","ILLUMINA","2145455500","8581822","6565","Crassostrea virginica","Control group biological replicate for breed 242 at time point 7 day","Illumina HiSeq 2500 sequencing: RNA-Seq of Crassostrea virginica: mantle tissue","Variation in global transcriptomic response to Perkinsus marinus infection among Eastern oyster families highlights potential mechanisms of disease resistance","Control group biological replicate for breed 242 at time point 7 day","ccb4a28acdb74247fee5c437d2341569;5f39e8805afcb8b0fe5b3bd39bd60120","617075103;616189485","ftp.sra.ebi.ac.uk/vol1/fastq/SRR104/065/SRR10482865/SRR10482865_1.fastq.gz;ftp.sra.ebi.ac.uk/vol1/fastq/SRR104/065/SRR10482865/SRR10482865_2.fastq.gz","ftp.sra.ebi.ac.uk/vol1/fastq/SRR104/065/SRR10482865/SRR10482865_1.fastq.gz;ftp.sra.ebi.ac.uk/vol1/fastq/SRR104/065/SRR10482865/SRR10482865_2.fastq.gz","fasp.sra.ebi.ac.uk:/vol1/fastq/SRR104/065/SRR10482865/SRR10482865_1.fastq.gz;fasp.sra.ebi.ac.uk:/vol1/fastq/SRR104/065/SRR10482865/SRR10482865_2.fastq.gz"
"SRX7172531","/mmfs1/gscratch/scrubbed/elstrand/Cvir_disease_meta/dataset5/fastq/SRX7172531_SRR10482864_1.fastq.gz","/mmfs1/gscratch/scrubbed/elstrand/Cvir_disease_meta/dataset5/fastq/SRX7172531_SRR10482864_2.fastq.gz","SRR10482864","SRX7172531","SAMN13321287","SRS5679199","PRJNA590205","SRP230336","SRA997639","DP29_GTTTCG_TechRep1.R1.fastq.gz","DP29","DA41","PRJNA590205","PAIRED","PolyA","TRANSCRIPTOMIC","RNA-Seq","DP29","Illumina HiSeq 2500","ILLUMINA","2953620000","11814480","6565","Crassostrea virginica","Injected with Perkinsus marinus group biological replicate for breed 242 at time point 7 day","Illumina HiSeq 2500 sequencing: RNA-Seq of Crassostrea virginica: mantle tissue","Variation in global transcriptomic response to Perkinsus marinus infection among Eastern oyster families highlights potential mechanisms of disease resistance","Injected with Perkinsus marinus group biological replicate for breed 242 at time point 7 day","9abf3b210db96559c883bbf51f48887d;c7c7de9b0c3e85c30aca6906544c482d","856557550;851407772","ftp.sra.ebi.ac.uk/vol1/fastq/SRR104/064/SRR10482864/SRR10482864_1.fastq.gz;ftp.sra.ebi.ac.uk/vol1/fastq/SRR104/064/SRR10482864/SRR10482864_2.fastq.gz","ftp.sra.ebi.ac.uk/vol1/fastq/SRR104/064/SRR10482864/SRR10482864_1.fastq.gz;ftp.sra.ebi.ac.uk/vol1/fastq/SRR104/064/SRR10482864/SRR10482864_2.fastq.gz","fasp.sra.ebi.ac.uk:/vol1/fastq/SRR104/064/SRR10482864/SRR10482864_1.fastq.gz;fasp.sra.ebi.ac.uk:/vol1/fastq/SRR104/064/SRR10482864/SRR10482864_2.fastq.gz"
"SRX7172532","/mmfs1/gscratch/scrubbed/elstrand/Cvir_disease_meta/dataset5/fastq/SRX7172532_SRR10482863_1.fastq.gz","/mmfs1/gscratch/scrubbed/elstrand/Cvir_disease_meta/dataset5/fastq/SRX7172532_SRR10482863_2.fastq.gz","SRR10482863","SRX7172532","SAMN13321288","SRS5679200","PRJNA590205","SRP230336","SRA997639","DP30_GTGGCC_TechRep1.R1.fastq.gz","DP30","DA43","PRJNA590205","PAIRED","PolyA","TRANSCRIPTOMIC","RNA-Seq","DP30","Illumina HiSeq 2500","ILLUMINA","2935123750","11740495","6565","Crassostrea virginica","Injected with Perkinsus marinus group biological replicate for breed 242 at time point 36 hours","Illumina HiSeq 2500 sequencing: RNA-Seq of Crassostrea virginica: mantle tissue","Variation in global transcriptomic response to Perkinsus marinus infection among Eastern oyster families highlights potential mechanisms of disease resistance","Injected with Perkinsus marinus group biological replicate for breed 242 at time point 36 hours","1cfe8994fbdad8dbd8761a23c3150e61;c4a6e931e068bb3910d1a998e7c177aa","857773831;847712182","ftp.sra.ebi.ac.uk/vol1/fastq/SRR104/063/SRR10482863/SRR10482863_1.fastq.gz;ftp.sra.ebi.ac.uk/vol1/fastq/SRR104/063/SRR10482863/SRR10482863_2.fastq.gz","ftp.sra.ebi.ac.uk/vol1/fastq/SRR104/063/SRR10482863/SRR10482863_1.fastq.gz;ftp.sra.ebi.ac.uk/vol1/fastq/SRR104/063/SRR10482863/SRR10482863_2.fastq.gz","fasp.sra.ebi.ac.uk:/vol1/fastq/SRR104/063/SRR10482863/SRR10482863_1.fastq.gz;fasp.sra.ebi.ac.uk:/vol1/fastq/SRR104/063/SRR10482863/SRR10482863_2.fastq.gz"
"SRX7172533","/mmfs1/gscratch/scrubbed/elstrand/Cvir_disease_meta/dataset5/fastq/SRX7172533_SRR10482862_1.fastq.gz","/mmfs1/gscratch/scrubbed/elstrand/Cvir_disease_meta/dataset5/fastq/SRX7172533_SRR10482862_2.fastq.gz","SRR10482862","SRX7172533","SAMN13321289","SRS5679201","PRJNA590205","SRP230336","SRA997639","DP31_TTAGGC_TechRep1.R1.fastq.gz","DP31","DA51","PRJNA590205","PAIRED","PolyA","TRANSCRIPTOMIC","RNA-Seq","DP31","Illumina HiSeq 2500","ILLUMINA","3816108000","15264432","6565","Crassostrea virginica","Injected with Perkinsus marinus group biological replicate for breed 242 at time point 7 day","Illumina HiSeq 2500 sequencing: RNA-Seq of Crassostrea virginica: mantle tissue","Variation in global transcriptomic response to Perkinsus marinus infection among Eastern oyster families highlights potential mechanisms of disease resistance","Injected with Perkinsus marinus group biological replicate for breed 242 at time point 7 day","fe3d867e175c524bceb9148688257efa;20c289d3d0c65b5fa25fe5bca02f59b8","1109978744;1098334145","ftp.sra.ebi.ac.uk/vol1/fastq/SRR104/062/SRR10482862/SRR10482862_1.fastq.gz;ftp.sra.ebi.ac.uk/vol1/fastq/SRR104/062/SRR10482862/SRR10482862_2.fastq.gz","ftp.sra.ebi.ac.uk/vol1/fastq/SRR104/062/SRR10482862/SRR10482862_1.fastq.gz;ftp.sra.ebi.ac.uk/vol1/fastq/SRR104/062/SRR10482862/SRR10482862_2.fastq.gz","fasp.sra.ebi.ac.uk:/vol1/fastq/SRR104/062/SRR10482862/SRR10482862_1.fastq.gz;fasp.sra.ebi.ac.uk:/vol1/fastq/SRR104/062/SRR10482862/SRR10482862_2.fastq.gz"
"SRX7172534","/mmfs1/gscratch/scrubbed/elstrand/Cvir_disease_meta/dataset5/fastq/SRX7172534_SRR10482861_1.fastq.gz","/mmfs1/gscratch/scrubbed/elstrand/Cvir_disease_meta/dataset5/fastq/SRX7172534_SRR10482861_2.fastq.gz","SRR10482861","SRX7172534","SAMN13321290","SRS5679202","PRJNA590205","SRP230336","SRA997639","DP45_TAGCTT_TechRep1.R1.fastq.gz","DP45","DA129","PRJNA590205","PAIRED","PolyA","TRANSCRIPTOMIC","RNA-Seq","DP45","Illumina HiSeq 2500","ILLUMINA","3150765000","12603060","6565","Crassostrea virginica","Control group biological replicate for breed 242 at time point 36 hours","Illumina HiSeq 2500 sequencing: RNA-Seq of Crassostrea virginica: mantle tissue","Variation in global transcriptomic response to Perkinsus marinus infection among Eastern oyster families highlights potential mechanisms of disease resistance","Control group biological replicate for breed 242 at time point 36 hours","2f108a295bfec746bc0b82622ab7f80f;242eeede59cebb281807af6dda0721c5","895728449;889507238","ftp.sra.ebi.ac.uk/vol1/fastq/SRR104/061/SRR10482861/SRR10482861_1.fastq.gz;ftp.sra.ebi.ac.uk/vol1/fastq/SRR104/061/SRR10482861/SRR10482861_2.fastq.gz","ftp.sra.ebi.ac.uk/vol1/fastq/SRR104/061/SRR10482861/SRR10482861_1.fastq.gz;ftp.sra.ebi.ac.uk/vol1/fastq/SRR104/061/SRR10482861/SRR10482861_2.fastq.gz","fasp.sra.ebi.ac.uk:/vol1/fastq/SRR104/061/SRR10482861/SRR10482861_1.fastq.gz;fasp.sra.ebi.ac.uk:/vol1/fastq/SRR104/061/SRR10482861/SRR10482861_2.fastq.gz"
"SRX7172535","/mmfs1/gscratch/scrubbed/elstrand/Cvir_disease_meta/dataset5/fastq/SRX7172535_SRR10482860_1.fastq.gz","/mmfs1/gscratch/scrubbed/elstrand/Cvir_disease_meta/dataset5/fastq/SRX7172535_SRR10482860_2.fastq.gz","SRR10482860","SRX7172535","SAMN13321291","SRS5679203","PRJNA590205","SRP230336","SRA997639","DP47_GGCTAC_TechRep1.R1.fastq.gz","DP47","DA135","PRJNA590205","PAIRED","PolyA","TRANSCRIPTOMIC","RNA-Seq","DP47","Illumina HiSeq 2500","ILLUMINA","2636408250","10545633","6565","Crassostrea virginica","Control group biological replicate for breed 242 at time point 28 day","Illumina HiSeq 2500 sequencing: RNA-Seq of Crassostrea virginica: mantle tissue","Variation in global transcriptomic response to Perkinsus marinus infection among Eastern oyster families highlights potential mechanisms of disease resistance","Control group biological replicate for breed 242 at time point 28 day","8e34ce908938de646aeb01d8218096f4;df3a6f588c46f6c84977d7d47f2908fe","754426622;746776676","ftp.sra.ebi.ac.uk/vol1/fastq/SRR104/060/SRR10482860/SRR10482860_1.fastq.gz;ftp.sra.ebi.ac.uk/vol1/fastq/SRR104/060/SRR10482860/SRR10482860_2.fastq.gz","ftp.sra.ebi.ac.uk/vol1/fastq/SRR104/060/SRR10482860/SRR10482860_1.fastq.gz;ftp.sra.ebi.ac.uk/vol1/fastq/SRR104/060/SRR10482860/SRR10482860_2.fastq.gz","fasp.sra.ebi.ac.uk:/vol1/fastq/SRR104/060/SRR10482860/SRR10482860_1.fastq.gz;fasp.sra.ebi.ac.uk:/vol1/fastq/SRR104/060/SRR10482860/SRR10482860_2.fastq.gz"
"SRX7172536","/mmfs1/gscratch/scrubbed/elstrand/Cvir_disease_meta/dataset5/fastq/SRX7172536_SRR10482859_1.fastq.gz","/mmfs1/gscratch/scrubbed/elstrand/Cvir_disease_meta/dataset5/fastq/SRX7172536_SRR10482859_2.fastq.gz","SRR10482859","SRX7172536","SAMN13321292","SRS5679204","PRJNA590205","SRP230336","SRA997639","DP48_TAGCTT_TechRep1.R1.fastq.gz","DP48","DA137","PRJNA590205","PAIRED","PolyA","TRANSCRIPTOMIC","RNA-Seq","DP48","Illumina HiSeq 2500","ILLUMINA","3411832000","13647328","6565","Crassostrea virginica","Control group biological replicate for breed 242 at time point 28 day","Illumina HiSeq 2500 sequencing: RNA-Seq of Crassostrea virginica: mantle tissue","Variation in global transcriptomic response to Perkinsus marinus infection among Eastern oyster families highlights potential mechanisms of disease resistance","Control group biological replicate for breed 242 at time point 28 day","c52be3cabc33f67af660a8f404155ca8;1117f207e58e997378c7f2786c6ac274","996250806;987571293","ftp.sra.ebi.ac.uk/vol1/fastq/SRR104/059/SRR10482859/SRR10482859_1.fastq.gz;ftp.sra.ebi.ac.uk/vol1/fastq/SRR104/059/SRR10482859/SRR10482859_2.fastq.gz","ftp.sra.ebi.ac.uk/vol1/fastq/SRR104/059/SRR10482859/SRR10482859_1.fastq.gz;ftp.sra.ebi.ac.uk/vol1/fastq/SRR104/059/SRR10482859/SRR10482859_2.fastq.gz","fasp.sra.ebi.ac.uk:/vol1/fastq/SRR104/059/SRR10482859/SRR10482859_1.fastq.gz;fasp.sra.ebi.ac.uk:/vol1/fastq/SRR104/059/SRR10482859/SRR10482859_2.fastq.gz"
"SRX7172537","/mmfs1/gscratch/scrubbed/elstrand/Cvir_disease_meta/dataset5/fastq/SRX7172537_SRR10482858_1.fastq.gz","/mmfs1/gscratch/scrubbed/elstrand/Cvir_disease_meta/dataset5/fastq/SRX7172537_SRR10482858_2.fastq.gz","SRR10482858","SRX7172537","SAMN13321293","SRS5679205","PRJNA590205","SRP230336","SRA997639","DP49_ATTCCT_TechRep1.R1.fastq.gz","DP49","DA139","PRJNA590205","PAIRED","PolyA","TRANSCRIPTOMIC","RNA-Seq","DP49","Illumina HiSeq 2500","ILLUMINA","2193538500","8774154","6565","Crassostrea virginica","Control group biological replicate for breed 242 at time point 7 day","Illumina HiSeq 2500 sequencing: RNA-Seq of Crassostrea virginica: mantle tissue","Variation in global transcriptomic response to Perkinsus marinus infection among Eastern oyster families highlights potential mechanisms of disease resistance","Control group biological replicate for breed 242 at time point 7 day","da5319582fe5e3957c3b390eb2049d1f;200dfa1a687e3a92f8a7281d2043f15a","628576404;616027570","ftp.sra.ebi.ac.uk/vol1/fastq/SRR104/058/SRR10482858/SRR10482858_1.fastq.gz;ftp.sra.ebi.ac.uk/vol1/fastq/SRR104/058/SRR10482858/SRR10482858_2.fastq.gz","ftp.sra.ebi.ac.uk/vol1/fastq/SRR104/058/SRR10482858/SRR10482858_1.fastq.gz;ftp.sra.ebi.ac.uk/vol1/fastq/SRR104/058/SRR10482858/SRR10482858_2.fastq.gz","fasp.sra.ebi.ac.uk:/vol1/fastq/SRR104/058/SRR10482858/SRR10482858_1.fastq.gz;fasp.sra.ebi.ac.uk:/vol1/fastq/SRR104/058/SRR10482858/SRR10482858_2.fastq.gz"
"SRX7172538","/mmfs1/gscratch/scrubbed/elstrand/Cvir_disease_meta/dataset5/fastq/SRX7172538_SRR10482857_1.fastq.gz","/mmfs1/gscratch/scrubbed/elstrand/Cvir_disease_meta/dataset5/fastq/SRX7172538_SRR10482857_2.fastq.gz","SRR10482857","SRX7172538","SAMN13321294","SRS5679206","PRJNA590205","SRP230336","SRA997639","DP51_GGCTAC_TechRep1.R1.fastq.gz","DP51","DA143","PRJNA590205","PAIRED","PolyA","TRANSCRIPTOMIC","RNA-Seq","DP51","Illumina HiSeq 2500","ILLUMINA","3413770500","13655082","6565","Crassostrea virginica","Control group biological replicate for breed 242 at time point 36 hours","Illumina HiSeq 2500 sequencing: RNA-Seq of Crassostrea virginica: mantle tissue","Variation in global transcriptomic response to Perkinsus marinus infection among Eastern oyster families highlights potential mechanisms of disease resistance","Control group biological replicate for breed 242 at time point 36 hours","b0df9fba6ccbc38525480dc1e2078562;898575f97437204effa954984b97d2d7","990865685;987401927","ftp.sra.ebi.ac.uk/vol1/fastq/SRR104/057/SRR10482857/SRR10482857_1.fastq.gz;ftp.sra.ebi.ac.uk/vol1/fastq/SRR104/057/SRR10482857/SRR10482857_2.fastq.gz","ftp.sra.ebi.ac.uk/vol1/fastq/SRR104/057/SRR10482857/SRR10482857_1.fastq.gz;ftp.sra.ebi.ac.uk/vol1/fastq/SRR104/057/SRR10482857/SRR10482857_2.fastq.gz","fasp.sra.ebi.ac.uk:/vol1/fastq/SRR104/057/SRR10482857/SRR10482857_1.fastq.gz;fasp.sra.ebi.ac.uk:/vol1/fastq/SRR104/057/SRR10482857/SRR10482857_2.fastq.gz"
"SRX7172539","/mmfs1/gscratch/scrubbed/elstrand/Cvir_disease_meta/dataset5/fastq/SRX7172539_SRR10482856_1.fastq.gz","/mmfs1/gscratch/scrubbed/elstrand/Cvir_disease_meta/dataset5/fastq/SRX7172539_SRR10482856_2.fastq.gz","SRR10482856","SRX7172539","SAMN13321313","SRS5679207","PRJNA590205","SRP230336","SRA997639","DP88_CAGATC_TechRep1.R1.fastq.gz","DP88","LB149","PRJNA590205","PAIRED","PolyA","TRANSCRIPTOMIC","RNA-Seq","DP88","Illumina HiSeq 2500","ILLUMINA","3115709250","12462837","6565","Crassostrea virginica","Control group biological replicate for breed 266 at time point 28 day","Illumina HiSeq 2500 sequencing: RNA-Seq of Crassostrea virginica: mantle tissue","Variation in global transcriptomic response to Perkinsus marinus infection among Eastern oyster families highlights potential mechanisms of disease resistance","Control group biological replicate for breed 266 at time point 28 day","828ee8850af8a71fd193076c2fc18c39;596e5cc4f84edeb1db5d98008a028b50","964221535;961710820","ftp.sra.ebi.ac.uk/vol1/fastq/SRR104/056/SRR10482856/SRR10482856_1.fastq.gz;ftp.sra.ebi.ac.uk/vol1/fastq/SRR104/056/SRR10482856/SRR10482856_2.fastq.gz","ftp.sra.ebi.ac.uk/vol1/fastq/SRR104/056/SRR10482856/SRR10482856_1.fastq.gz;ftp.sra.ebi.ac.uk/vol1/fastq/SRR104/056/SRR10482856/SRR10482856_2.fastq.gz","fasp.sra.ebi.ac.uk:/vol1/fastq/SRR104/056/SRR10482856/SRR10482856_1.fastq.gz;fasp.sra.ebi.ac.uk:/vol1/fastq/SRR104/056/SRR10482856/SRR10482856_2.fastq.gz"
"SRX7172540","/mmfs1/gscratch/scrubbed/elstrand/Cvir_disease_meta/dataset5/fastq/SRX7172540_SRR10482855_1.fastq.gz","/mmfs1/gscratch/scrubbed/elstrand/Cvir_disease_meta/dataset5/fastq/SRX7172540_SRR10482855_2.fastq.gz","SRR10482855","SRX7172540","SAMN13321314","SRS5679208","PRJNA590205","SRP230336","SRA997639","DP89_GTGAAA_TechRep1.R1.fastq.gz","DP89","LB154","PRJNA590205","PAIRED","PolyA","TRANSCRIPTOMIC","RNA-Seq","DP89","Illumina HiSeq 2500","ILLUMINA","2336158000","9344632","6565","Crassostrea virginica","Control group biological replicate for breed 266 at time point 7 day","Illumina HiSeq 2500 sequencing: RNA-Seq of Crassostrea virginica: mantle tissue","Variation in global transcriptomic response to Perkinsus marinus infection among Eastern oyster families highlights potential mechanisms of disease resistance","Control group biological replicate for breed 266 at time point 7 day","90cc8065eac9afed2f7b908a92786adb;093f2a9f2c8576f8dc941e64a8c5c13b","721450258;685181239","ftp.sra.ebi.ac.uk/vol1/fastq/SRR104/055/SRR10482855/SRR10482855_1.fastq.gz;ftp.sra.ebi.ac.uk/vol1/fastq/SRR104/055/SRR10482855/SRR10482855_2.fastq.gz","ftp.sra.ebi.ac.uk/vol1/fastq/SRR104/055/SRR10482855/SRR10482855_1.fastq.gz;ftp.sra.ebi.ac.uk/vol1/fastq/SRR104/055/SRR10482855/SRR10482855_2.fastq.gz","fasp.sra.ebi.ac.uk:/vol1/fastq/SRR104/055/SRR10482855/SRR10482855_1.fastq.gz;fasp.sra.ebi.ac.uk:/vol1/fastq/SRR104/055/SRR10482855/SRR10482855_2.fastq.gz"
"SRX7172541","/mmfs1/gscratch/scrubbed/elstrand/Cvir_disease_meta/dataset5/fastq/SRX7172541_SRR10482854_1.fastq.gz","/mmfs1/gscratch/scrubbed/elstrand/Cvir_disease_meta/dataset5/fastq/SRX7172541_SRR10482854_2.fastq.gz","SRR10482854","SRX7172541","SAMN13321315","SRS5679209","PRJNA590205","SRP230336","SRA997639","DP91_CTTGTA_TechRep1.R1.fastq.gz","DP91","LB156","PRJNA590205","PAIRED","PolyA","TRANSCRIPTOMIC","RNA-Seq","DP91","Illumina HiSeq 2500","ILLUMINA","2560483500","10241934","6565","Crassostrea virginica","Control group biological replicate for breed 266 at time point 36 hours","Illumina HiSeq 2500 sequencing: RNA-Seq of Crassostrea virginica: mantle tissue","Variation in global transcriptomic response to Perkinsus marinus infection among Eastern oyster families highlights potential mechanisms of disease resistance","Control group biological replicate for breed 266 at time point 36 hours","7f1703d4379a1af8c24a58af1401a92d;c82bcfb82e8ac90cdde7a3879cf34782","727197101;726030914","ftp.sra.ebi.ac.uk/vol1/fastq/SRR104/054/SRR10482854/SRR10482854_1.fastq.gz;ftp.sra.ebi.ac.uk/vol1/fastq/SRR104/054/SRR10482854/SRR10482854_2.fastq.gz","ftp.sra.ebi.ac.uk/vol1/fastq/SRR104/054/SRR10482854/SRR10482854_1.fastq.gz;ftp.sra.ebi.ac.uk/vol1/fastq/SRR104/054/SRR10482854/SRR10482854_2.fastq.gz","fasp.sra.ebi.ac.uk:/vol1/fastq/SRR104/054/SRR10482854/SRR10482854_1.fastq.gz;fasp.sra.ebi.ac.uk:/vol1/fastq/SRR104/054/SRR10482854/SRR10482854_2.fastq.gz"
"SRX7172542","/mmfs1/gscratch/scrubbed/elstrand/Cvir_disease_meta/dataset5/fastq/SRX7172542_SRR10482853_1.fastq.gz","/mmfs1/gscratch/scrubbed/elstrand/Cvir_disease_meta/dataset5/fastq/SRX7172542_SRR10482853_2.fastq.gz","SRR10482853","SRX7172542","SAMN13321316","SRS5679210","PRJNA590205","SRP230336","SRA997639","DP92_GTGAAA_TechRep1.R1.fastq.gz","DP92","LB160","PRJNA590205","PAIRED","PolyA","TRANSCRIPTOMIC","RNA-Seq","DP92","Illumina HiSeq 2500","ILLUMINA","2061648750","8246595","6565","Crassostrea virginica","Control group biological replicate for breed 266 at time point 7 day","Illumina HiSeq 2500 sequencing: RNA-Seq of Crassostrea virginica: mantle tissue","Variation in global transcriptomic response to Perkinsus marinus infection among Eastern oyster families highlights potential mechanisms of disease resistance","Control group biological replicate for breed 266 at time point 7 day","37f36193e31534226fe1572586244132;8fff41ccdb78c12593456379141219cf","635833430;596870247","ftp.sra.ebi.ac.uk/vol1/fastq/SRR104/053/SRR10482853/SRR10482853_1.fastq.gz;ftp.sra.ebi.ac.uk/vol1/fastq/SRR104/053/SRR10482853/SRR10482853_2.fastq.gz","ftp.sra.ebi.ac.uk/vol1/fastq/SRR104/053/SRR10482853/SRR10482853_1.fastq.gz;ftp.sra.ebi.ac.uk/vol1/fastq/SRR104/053/SRR10482853/SRR10482853_2.fastq.gz","fasp.sra.ebi.ac.uk:/vol1/fastq/SRR104/053/SRR10482853/SRR10482853_1.fastq.gz;fasp.sra.ebi.ac.uk:/vol1/fastq/SRR104/053/SRR10482853/SRR10482853_2.fastq.gz"
"SRX7172543","/mmfs1/gscratch/scrubbed/elstrand/Cvir_disease_meta/dataset5/fastq/SRX7172543_SRR10482852_1.fastq.gz","/mmfs1/gscratch/scrubbed/elstrand/Cvir_disease_meta/dataset5/fastq/SRX7172543_SRR10482852_2.fastq.gz","SRR10482852","SRX7172543","SAMN13321272","SRS5679211","PRJNA590205","SRP230336","SRA997639","DCS2015_P10_DA176_CGATGT.R1.fastq.gz","DA176","DA176","PRJNA590205","PAIRED","PolyA","TRANSCRIPTOMIC","RNA-Seq","DA176","Illumina HiSeq 2500","ILLUMINA","1640483000","6561932","6565","Crassostrea virginica","Control group biological replicate for breed 242 at time point 36 hours","Illumina HiSeq 2500 sequencing: RNA-Seq of Crassostrea virginica: mantle tissue","Variation in global transcriptomic response to Perkinsus marinus infection among Eastern oyster families highlights potential mechanisms of disease resistance","Control group biological replicate for breed 242 at time point 36 hours","93fa1e9c9016dcc3030319f6b1372879;f21156ea63374d57fcb0d3170fa7d765","498259469;518990748","ftp.sra.ebi.ac.uk/vol1/fastq/SRR104/052/SRR10482852/SRR10482852_1.fastq.gz;ftp.sra.ebi.ac.uk/vol1/fastq/SRR104/052/SRR10482852/SRR10482852_2.fastq.gz","ftp.sra.ebi.ac.uk/vol1/fastq/SRR104/052/SRR10482852/SRR10482852_1.fastq.gz;ftp.sra.ebi.ac.uk/vol1/fastq/SRR104/052/SRR10482852/SRR10482852_2.fastq.gz","fasp.sra.ebi.ac.uk:/vol1/fastq/SRR104/052/SRR10482852/SRR10482852_1.fastq.gz;fasp.sra.ebi.ac.uk:/vol1/fastq/SRR104/052/SRR10482852/SRR10482852_2.fastq.gz"
"SRX7172544","/mmfs1/gscratch/scrubbed/elstrand/Cvir_disease_meta/dataset5/fastq/SRX7172544_SRR10482851_1.fastq.gz","/mmfs1/gscratch/scrubbed/elstrand/Cvir_disease_meta/dataset5/fastq/SRX7172544_SRR10482851_2.fastq.gz","SRR10482851","SRX7172544","SAMN13321317","SRS5679212","PRJNA590205","SRP230336","SRA997639","DCS2015_P10_LB165_ACAGTG.R1.fastq.gz","LB165","LB165","PRJNA590205","PAIRED","PolyA","TRANSCRIPTOMIC","RNA-Seq","LB165","Illumina HiSeq 2500","ILLUMINA","1903075500","7612302","6565","Crassostrea virginica","Control group biological replicate for breed 266 at time point 7 day","Illumina HiSeq 2500 sequencing: RNA-Seq of Crassostrea virginica: mantle tissue","Variation in global transcriptomic response to Perkinsus marinus infection among Eastern oyster families highlights potential mechanisms of disease resistance","Control group biological replicate for breed 266 at time point 7 day","fb1518c748ef27a8030d3f0c17ea3b94;552e251beac79ebccd869a90c94a1997","580848205;604791066","ftp.sra.ebi.ac.uk/vol1/fastq/SRR104/051/SRR10482851/SRR10482851_1.fastq.gz;ftp.sra.ebi.ac.uk/vol1/fastq/SRR104/051/SRR10482851/SRR10482851_2.fastq.gz","ftp.sra.ebi.ac.uk/vol1/fastq/SRR104/051/SRR10482851/SRR10482851_1.fastq.gz;ftp.sra.ebi.ac.uk/vol1/fastq/SRR104/051/SRR10482851/SRR10482851_2.fastq.gz","fasp.sra.ebi.ac.uk:/vol1/fastq/SRR104/051/SRR10482851/SRR10482851_1.fastq.gz;fasp.sra.ebi.ac.uk:/vol1/fastq/SRR104/051/SRR10482851/SRR10482851_2.fastq.gz"
"SRX7172545","/mmfs1/gscratch/scrubbed/elstrand/Cvir_disease_meta/dataset5/fastq/SRX7172545_SRR10482850_1.fastq.gz","/mmfs1/gscratch/scrubbed/elstrand/Cvir_disease_meta/dataset5/fastq/SRX7172545_SRR10482850_2.fastq.gz","SRR10482850","SRX7172545","SAMN13321318","SRS5679213","PRJNA590205","SRP230336","SRA997639","DCS2015_P9_LB168_CCGTCC.R1.fastq.gz","LB168","LB168","PRJNA590205","PAIRED","PolyA","TRANSCRIPTOMIC","RNA-Seq","LB168","Illumina HiSeq 2500","ILLUMINA","1802587250","7210349","6565","Crassostrea virginica","Control group biological replicate for breed 266 at time point 28 day","Illumina HiSeq 2500 sequencing: RNA-Seq of Crassostrea virginica: mantle tissue","Variation in global transcriptomic response to Perkinsus marinus infection among Eastern oyster families highlights potential mechanisms of disease resistance","Control group biological replicate for breed 266 at time point 28 day","36dbd52fc14213cc3b05f09a64cbec2a;26dc40abe2775a929c683192df78ec64","541037777;523477224","ftp.sra.ebi.ac.uk/vol1/fastq/SRR104/050/SRR10482850/SRR10482850_1.fastq.gz;ftp.sra.ebi.ac.uk/vol1/fastq/SRR104/050/SRR10482850/SRR10482850_2.fastq.gz","ftp.sra.ebi.ac.uk/vol1/fastq/SRR104/050/SRR10482850/SRR10482850_1.fastq.gz;ftp.sra.ebi.ac.uk/vol1/fastq/SRR104/050/SRR10482850/SRR10482850_2.fastq.gz","fasp.sra.ebi.ac.uk:/vol1/fastq/SRR104/050/SRR10482850/SRR10482850_1.fastq.gz;fasp.sra.ebi.ac.uk:/vol1/fastq/SRR104/050/SRR10482850/SRR10482850_2.fastq.gz"
"SRX7172546","/mmfs1/gscratch/scrubbed/elstrand/Cvir_disease_meta/dataset5/fastq/SRX7172546_SRR10482849_1.fastq.gz","/mmfs1/gscratch/scrubbed/elstrand/Cvir_disease_meta/dataset5/fastq/SRX7172546_SRR10482849_2.fastq.gz","SRR10482849","SRX7172546","SAMN13321319","SRS5679214","PRJNA590205","SRP230336","SRA997639","DCS2015_P9_LB173_ATGTCA.R1.fastq.gz","LB173","LB173","PRJNA590205","PAIRED","PolyA","TRANSCRIPTOMIC","RNA-Seq","LB173","Illumina HiSeq 2500","ILLUMINA","1974558500","7898234","6565","Crassostrea virginica","Control group biological replicate for breed 266 at time point 36 hours","Illumina HiSeq 2500 sequencing: RNA-Seq of Crassostrea virginica: mantle tissue","Variation in global transcriptomic response to Perkinsus marinus infection among Eastern oyster families highlights potential mechanisms of disease resistance","Control group biological replicate for breed 266 at time point 36 hours","fd6c95399501112f14fb9fcdb652c266;8e35d9a953e374716e4a326d064ce9fc","562681199;565880938","ftp.sra.ebi.ac.uk/vol1/fastq/SRR104/049/SRR10482849/SRR10482849_1.fastq.gz;ftp.sra.ebi.ac.uk/vol1/fastq/SRR104/049/SRR10482849/SRR10482849_2.fastq.gz","ftp.sra.ebi.ac.uk/vol1/fastq/SRR104/049/SRR10482849/SRR10482849_1.fastq.gz;ftp.sra.ebi.ac.uk/vol1/fastq/SRR104/049/SRR10482849/SRR10482849_2.fastq.gz","fasp.sra.ebi.ac.uk:/vol1/fastq/SRR104/049/SRR10482849/SRR10482849_1.fastq.gz;fasp.sra.ebi.ac.uk:/vol1/fastq/SRR104/049/SRR10482849/SRR10482849_2.fastq.gz"
"SRX7172547","/mmfs1/gscratch/scrubbed/elstrand/Cvir_disease_meta/dataset5/fastq/SRX7172547_SRR10482848_1.fastq.gz","/mmfs1/gscratch/scrubbed/elstrand/Cvir_disease_meta/dataset5/fastq/SRX7172547_SRR10482848_2.fastq.gz","SRR10482848","SRX7172547","SAMN13321320","SRS5679215","PRJNA590205","SRP230336","SRA997639","DCS2015_P11_LB177_ATGTCA.R1.fastq.gz","LB177","LB177","PRJNA590205","PAIRED","PolyA","TRANSCRIPTOMIC","RNA-Seq","LB177","Illumina HiSeq 2500","ILLUMINA","2252298750","9009195","6565","Crassostrea virginica","Control group biological replicate for breed 266 at time point 28 day","Illumina HiSeq 2500 sequencing: RNA-Seq of Crassostrea virginica: mantle tissue","Variation in global transcriptomic response to Perkinsus marinus infection among Eastern oyster families highlights potential mechanisms of disease resistance","Control group biological replicate for breed 266 at time point 28 day","bbbb9274b38d42189eda27716f8eb625;f4c835ae946161177a1e9c05c52f7372","643145635;652384200","ftp.sra.ebi.ac.uk/vol1/fastq/SRR104/048/SRR10482848/SRR10482848_1.fastq.gz;ftp.sra.ebi.ac.uk/vol1/fastq/SRR104/048/SRR10482848/SRR10482848_2.fastq.gz","ftp.sra.ebi.ac.uk/vol1/fastq/SRR104/048/SRR10482848/SRR10482848_1.fastq.gz;ftp.sra.ebi.ac.uk/vol1/fastq/SRR104/048/SRR10482848/SRR10482848_2.fastq.gz","fasp.sra.ebi.ac.uk:/vol1/fastq/SRR104/048/SRR10482848/SRR10482848_1.fastq.gz;fasp.sra.ebi.ac.uk:/vol1/fastq/SRR104/048/SRR10482848/SRR10482848_2.fastq.gz"
"SRX7172548","/mmfs1/gscratch/scrubbed/elstrand/Cvir_disease_meta/dataset5/fastq/SRX7172548_SRR10482847_1.fastq.gz","/mmfs1/gscratch/scrubbed/elstrand/Cvir_disease_meta/dataset5/fastq/SRX7172548_SRR10482847_2.fastq.gz","SRR10482847","SRX7172548","SAMN13321321","SRS5679216","PRJNA590205","SRP230336","SRA997639","DCS2015_P12_LB179_ACAGTG.R1.fastq.gz","LB179","LB179","PRJNA590205","PAIRED","PolyA","TRANSCRIPTOMIC","RNA-Seq","LB179","Illumina HiSeq 2500","ILLUMINA","2462896250","9851585","6565","Crassostrea virginica","Control group biological replicate for breed 266 at time point 36 hours","Illumina HiSeq 2500 sequencing: RNA-Seq of Crassostrea virginica: mantle tissue","Variation in global transcriptomic response to Perkinsus marinus infection among Eastern oyster families highlights potential mechanisms of disease resistance","Control group biological replicate for breed 266 at time point 36 hours","0a48bfb5d10fb973350645d69f4aab09;9ecc2dfe09303d699ff3eaeade3411f9","702095807;718496807","ftp.sra.ebi.ac.uk/vol1/fastq/SRR104/047/SRR10482847/SRR10482847_1.fastq.gz;ftp.sra.ebi.ac.uk/vol1/fastq/SRR104/047/SRR10482847/SRR10482847_2.fastq.gz","ftp.sra.ebi.ac.uk/vol1/fastq/SRR104/047/SRR10482847/SRR10482847_1.fastq.gz;ftp.sra.ebi.ac.uk/vol1/fastq/SRR104/047/SRR10482847/SRR10482847_2.fastq.gz","fasp.sra.ebi.ac.uk:/vol1/fastq/SRR104/047/SRR10482847/SRR10482847_1.fastq.gz;fasp.sra.ebi.ac.uk:/vol1/fastq/SRR104/047/SRR10482847/SRR10482847_2.fastq.gz"
"SRX7172549","/mmfs1/gscratch/scrubbed/elstrand/Cvir_disease_meta/dataset5/fastq/SRX7172549_SRR10482846_1.fastq.gz","/mmfs1/gscratch/scrubbed/elstrand/Cvir_disease_meta/dataset5/fastq/SRX7172549_SRR10482846_2.fastq.gz","SRR10482846","SRX7172549","SAMN13321322","SRS5679217","PRJNA590205","SRP230336","SRA997639","DCS2015_P12_LB180_GCCAAT.R1.fastq.gz","LB180","LB180","PRJNA590205","PAIRED","PolyA","TRANSCRIPTOMIC","RNA-Seq","LB180","Illumina HiSeq 2500","ILLUMINA","1914389250","7657557","6565","Crassostrea virginica","Control group biological replicate for breed 266 at time point 7 day","Illumina HiSeq 2500 sequencing: RNA-Seq of Crassostrea virginica: mantle tissue","Variation in global transcriptomic response to Perkinsus marinus infection among Eastern oyster families highlights potential mechanisms of disease resistance","Control group biological replicate for breed 266 at time point 7 day","6ed2f000198eabf414f618aecaa6a68f;2a561b2227ce3738b76bcbcf8659746f","543898843;547216527","ftp.sra.ebi.ac.uk/vol1/fastq/SRR104/046/SRR10482846/SRR10482846_1.fastq.gz;ftp.sra.ebi.ac.uk/vol1/fastq/SRR104/046/SRR10482846/SRR10482846_2.fastq.gz","ftp.sra.ebi.ac.uk/vol1/fastq/SRR104/046/SRR10482846/SRR10482846_1.fastq.gz;ftp.sra.ebi.ac.uk/vol1/fastq/SRR104/046/SRR10482846/SRR10482846_2.fastq.gz","fasp.sra.ebi.ac.uk:/vol1/fastq/SRR104/046/SRR10482846/SRR10482846_1.fastq.gz;fasp.sra.ebi.ac.uk:/vol1/fastq/SRR104/046/SRR10482846/SRR10482846_2.fastq.gz"
"SRX7172550","/mmfs1/gscratch/scrubbed/elstrand/Cvir_disease_meta/dataset5/fastq/SRX7172550_SRR10482845_1.fastq.gz","/mmfs1/gscratch/scrubbed/elstrand/Cvir_disease_meta/dataset5/fastq/SRX7172550_SRR10482845_2.fastq.gz","SRR10482845","SRX7172550","SAMN13321323","SRS5679218","PRJNA590205","SRP230336","SRA997639","DCS2015_P9_LB46_ACAGTG.R1.fastq.gz","LB46","LB46","PRJNA590205","PAIRED","PolyA","TRANSCRIPTOMIC","RNA-Seq","LB46","Illumina HiSeq 2500","ILLUMINA","2148102750","8592411","6565","Crassostrea virginica","Injected with Perkinsus marinus group biological replicate for breed 266 at time point 36 hours","Illumina HiSeq 2500 sequencing: RNA-Seq of Crassostrea virginica: mantle tissue","Variation in global transcriptomic response to Perkinsus marinus infection among Eastern oyster families highlights potential mechanisms of disease resistance","Injected with Perkinsus marinus group biological replicate for breed 266 at time point 36 hours","cd5b4b7bac7eb0183ee31963203d3769;256e16e58efdc75bf8161b4b14c1a180","639539943;657614192","ftp.sra.ebi.ac.uk/vol1/fastq/SRR104/045/SRR10482845/SRR10482845_1.fastq.gz;ftp.sra.ebi.ac.uk/vol1/fastq/SRR104/045/SRR10482845/SRR10482845_2.fastq.gz","ftp.sra.ebi.ac.uk/vol1/fastq/SRR104/045/SRR10482845/SRR10482845_1.fastq.gz;ftp.sra.ebi.ac.uk/vol1/fastq/SRR104/045/SRR10482845/SRR10482845_2.fastq.gz","fasp.sra.ebi.ac.uk:/vol1/fastq/SRR104/045/SRR10482845/SRR10482845_1.fastq.gz;fasp.sra.ebi.ac.uk:/vol1/fastq/SRR104/045/SRR10482845/SRR10482845_2.fastq.gz"
"SRX7172551","/mmfs1/gscratch/scrubbed/elstrand/Cvir_disease_meta/dataset5/fastq/SRX7172551_SRR10482844_1.fastq.gz","/mmfs1/gscratch/scrubbed/elstrand/Cvir_disease_meta/dataset5/fastq/SRX7172551_SRR10482844_2.fastq.gz","SRR10482844","SRX7172551","SAMN13321280","SRS5679191","PRJNA590205","SRP230336","SRA997639","DCS2015_P12_DA62_TGACCA.R1.fastq.gz","DA62","DA62","PRJNA590205","PAIRED","PolyA","TRANSCRIPTOMIC","RNA-Seq","DA62","Illumina HiSeq 2500","ILLUMINA","2004058500","8016234","6565","Crassostrea virginica","Injected with Perkinsus marinus group biological replicate for breed 242 at time point 7 day","Illumina HiSeq 2500 sequencing: RNA-Seq of Crassostrea virginica: mantle tissue","Variation in global transcriptomic response to Perkinsus marinus infection among Eastern oyster families highlights potential mechanisms of disease resistance","Injected with Perkinsus marinus group biological replicate for breed 242 at time point 7 day","c3cb950ec27924a2dae52238fe85ca79;7c33627265d30bad2b5c81a0acfabf28","565689792;567078680","ftp.sra.ebi.ac.uk/vol1/fastq/SRR104/044/SRR10482844/SRR10482844_1.fastq.gz;ftp.sra.ebi.ac.uk/vol1/fastq/SRR104/044/SRR10482844/SRR10482844_2.fastq.gz","ftp.sra.ebi.ac.uk/vol1/fastq/SRR104/044/SRR10482844/SRR10482844_1.fastq.gz;ftp.sra.ebi.ac.uk/vol1/fastq/SRR104/044/SRR10482844/SRR10482844_2.fastq.gz","fasp.sra.ebi.ac.uk:/vol1/fastq/SRR104/044/SRR10482844/SRR10482844_1.fastq.gz;fasp.sra.ebi.ac.uk:/vol1/fastq/SRR104/044/SRR10482844/SRR10482844_2.fastq.gz"
"SRX7172552","/mmfs1/gscratch/scrubbed/elstrand/Cvir_disease_meta/dataset5/fastq/SRX7172552_SRR10482843_1.fastq.gz","/mmfs1/gscratch/scrubbed/elstrand/Cvir_disease_meta/dataset5/fastq/SRX7172552_SRR10482843_2.fastq.gz","SRR10482843","SRX7172552","SAMN13321325","SRS5679220","PRJNA590205","SRP230336","SRA997639","DCS2015_P10_LB64_ATGTCA.R1.fastq.gz","LB64","LB64","PRJNA590205","PAIRED","PolyA","TRANSCRIPTOMIC","RNA-Seq","LB64","Illumina HiSeq 2500","ILLUMINA","2296093750","9184375","6565","Crassostrea virginica","Injected with Perkinsus marinus group biological replicate for breed 266 at time point 28 day","Illumina HiSeq 2500 sequencing: RNA-Seq of Crassostrea virginica: mantle tissue","Variation in global transcriptomic response to Perkinsus marinus infection among Eastern oyster families highlights potential mechanisms of disease resistance","Injected with Perkinsus marinus group biological replicate for breed 266 at time point 28 day","9bc5b7bec258ee10de91a2c692233567;ca701e71b72b6df57783948c1dcb7955","688301740;707618358","ftp.sra.ebi.ac.uk/vol1/fastq/SRR104/043/SRR10482843/SRR10482843_1.fastq.gz;ftp.sra.ebi.ac.uk/vol1/fastq/SRR104/043/SRR10482843/SRR10482843_2.fastq.gz","ftp.sra.ebi.ac.uk/vol1/fastq/SRR104/043/SRR10482843/SRR10482843_1.fastq.gz;ftp.sra.ebi.ac.uk/vol1/fastq/SRR104/043/SRR10482843/SRR10482843_2.fastq.gz","fasp.sra.ebi.ac.uk:/vol1/fastq/SRR104/043/SRR10482843/SRR10482843_1.fastq.gz;fasp.sra.ebi.ac.uk:/vol1/fastq/SRR104/043/SRR10482843/SRR10482843_2.fastq.gz"
"SRX7172553","/mmfs1/gscratch/scrubbed/elstrand/Cvir_disease_meta/dataset5/fastq/SRX7172553_SRR10482842_1.fastq.gz","/mmfs1/gscratch/scrubbed/elstrand/Cvir_disease_meta/dataset5/fastq/SRX7172553_SRR10482842_2.fastq.gz","SRR10482842","SRX7172553","SAMN13321326","SRS5679221","PRJNA590205","SRP230336","SRA997639","DCS2015_P12_LB67_ATGTCA.R1.fastq.gz","LB67","LB67","PRJNA590205","PAIRED","PolyA","TRANSCRIPTOMIC","RNA-Seq","LB67","Illumina HiSeq 2500","ILLUMINA","1758051250","7032205","6565","Crassostrea virginica","Injected with Perkinsus marinus group biological replicate for breed 266 at time point 7 day","Illumina HiSeq 2500 sequencing: RNA-Seq of Crassostrea virginica: mantle tissue","Variation in global transcriptomic response to Perkinsus marinus infection among Eastern oyster families highlights potential mechanisms of disease resistance","Injected with Perkinsus marinus group biological replicate for breed 266 at time point 7 day","3291a8b162697e0da82faf2c8489501a;17fd7dd9542e4d14f987ff4bc9dc76ea","502500042;509719987","ftp.sra.ebi.ac.uk/vol1/fastq/SRR104/042/SRR10482842/SRR10482842_1.fastq.gz;ftp.sra.ebi.ac.uk/vol1/fastq/SRR104/042/SRR10482842/SRR10482842_2.fastq.gz","ftp.sra.ebi.ac.uk/vol1/fastq/SRR104/042/SRR10482842/SRR10482842_1.fastq.gz;ftp.sra.ebi.ac.uk/vol1/fastq/SRR104/042/SRR10482842/SRR10482842_2.fastq.gz","fasp.sra.ebi.ac.uk:/vol1/fastq/SRR104/042/SRR10482842/SRR10482842_1.fastq.gz;fasp.sra.ebi.ac.uk:/vol1/fastq/SRR104/042/SRR10482842/SRR10482842_2.fastq.gz"
"SRX7172554","/mmfs1/gscratch/scrubbed/elstrand/Cvir_disease_meta/dataset5/fastq/SRX7172554_SRR10482841_1.fastq.gz","/mmfs1/gscratch/scrubbed/elstrand/Cvir_disease_meta/dataset5/fastq/SRX7172554_SRR10482841_2.fastq.gz","SRR10482841","SRX7172554","SAMN13321273","SRS5679222","PRJNA590205","SRP230336","SRA997639","DCS2015_P12_DA179_AGTTCC.R1.fastq.gz","DA179","DA179","PRJNA590205","PAIRED","PolyA","TRANSCRIPTOMIC","RNA-Seq","DA179","Illumina HiSeq 2500","ILLUMINA","2391423000","9565692","6565","Crassostrea virginica","Control group biological replicate for breed 242 at time point 7 day","Illumina HiSeq 2500 sequencing: RNA-Seq of Crassostrea virginica: mantle tissue","Variation in global transcriptomic response to Perkinsus marinus infection among Eastern oyster families highlights potential mechanisms of disease resistance","Control group biological replicate for breed 242 at time point 7 day","d24ed8cf662b40aa744e51317123494a;816523c338a64abfb3034aa1569393d0","679288415;690355406","ftp.sra.ebi.ac.uk/vol1/fastq/SRR104/041/SRR10482841/SRR10482841_1.fastq.gz;ftp.sra.ebi.ac.uk/vol1/fastq/SRR104/041/SRR10482841/SRR10482841_2.fastq.gz","ftp.sra.ebi.ac.uk/vol1/fastq/SRR104/041/SRR10482841/SRR10482841_1.fastq.gz;ftp.sra.ebi.ac.uk/vol1/fastq/SRR104/041/SRR10482841/SRR10482841_2.fastq.gz","fasp.sra.ebi.ac.uk:/vol1/fastq/SRR104/041/SRR10482841/SRR10482841_1.fastq.gz;fasp.sra.ebi.ac.uk:/vol1/fastq/SRR104/041/SRR10482841/SRR10482841_2.fastq.gz"
"SRX7172555","/mmfs1/gscratch/scrubbed/elstrand/Cvir_disease_meta/dataset5/fastq/SRX7172555_SRR10482840_1.fastq.gz","/mmfs1/gscratch/scrubbed/elstrand/Cvir_disease_meta/dataset5/fastq/SRX7172555_SRR10482840_2.fastq.gz","SRR10482840","SRX7172555","SAMN13321327","SRS5679223","PRJNA590205","SRP230336","SRA997639","DCS2015_P10_LB69_AGTTCC.R1.fastq.gz","LB69","LB69","PRJNA590205","PAIRED","PolyA","TRANSCRIPTOMIC","RNA-Seq","LB69","Illumina HiSeq 2500","ILLUMINA","2091509500","8366038","6565","Crassostrea virginica","Injected with Perkinsus marinus group biological replicate for breed 266 at time point 36 hours","Illumina HiSeq 2500 sequencing: RNA-Seq of Crassostrea virginica: mantle tissue","Variation in global transcriptomic response to Perkinsus marinus infection among Eastern oyster families highlights potential mechanisms of disease resistance","Injected with Perkinsus marinus group biological replicate for breed 266 at time point 36 hours","2c79128c10cded58777ab28ff3e8b407;2bcfb64818dd43b3960fd2ab8e41555a","613748019;635226660","ftp.sra.ebi.ac.uk/vol1/fastq/SRR104/040/SRR10482840/SRR10482840_1.fastq.gz;ftp.sra.ebi.ac.uk/vol1/fastq/SRR104/040/SRR10482840/SRR10482840_2.fastq.gz","ftp.sra.ebi.ac.uk/vol1/fastq/SRR104/040/SRR10482840/SRR10482840_1.fastq.gz;ftp.sra.ebi.ac.uk/vol1/fastq/SRR104/040/SRR10482840/SRR10482840_2.fastq.gz","fasp.sra.ebi.ac.uk:/vol1/fastq/SRR104/040/SRR10482840/SRR10482840_1.fastq.gz;fasp.sra.ebi.ac.uk:/vol1/fastq/SRR104/040/SRR10482840/SRR10482840_2.fastq.gz"
"SRX7172556","/mmfs1/gscratch/scrubbed/elstrand/Cvir_disease_meta/dataset5/fastq/SRX7172556_SRR10482839_1.fastq.gz","/mmfs1/gscratch/scrubbed/elstrand/Cvir_disease_meta/dataset5/fastq/SRX7172556_SRR10482839_2.fastq.gz","SRR10482839","SRX7172556","SAMN13321328","SRS5679224","PRJNA590205","SRP230336","SRA997639","DCS2015_P11_LB70_ACAGTG.R1.fastq.gz","LB70","LB70","PRJNA590205","PAIRED","PolyA","TRANSCRIPTOMIC","RNA-Seq","LB70","Illumina HiSeq 2500","ILLUMINA","2726061500","10904246","6565","Crassostrea virginica","Injected with Perkinsus marinus group biological replicate for breed 266 at time point 28 day","Illumina HiSeq 2500 sequencing: RNA-Seq of Crassostrea virginica: mantle tissue","Variation in global transcriptomic response to Perkinsus marinus infection among Eastern oyster families highlights potential mechanisms of disease resistance","Injected with Perkinsus marinus group biological replicate for breed 266 at time point 28 day","1a525ee5038041259f35a7456a031f2d;3350783895a364abd8c7d55534a0e8cb","780069856;797652328","ftp.sra.ebi.ac.uk/vol1/fastq/SRR104/039/SRR10482839/SRR10482839_1.fastq.gz;ftp.sra.ebi.ac.uk/vol1/fastq/SRR104/039/SRR10482839/SRR10482839_2.fastq.gz","ftp.sra.ebi.ac.uk/vol1/fastq/SRR104/039/SRR10482839/SRR10482839_1.fastq.gz;ftp.sra.ebi.ac.uk/vol1/fastq/SRR104/039/SRR10482839/SRR10482839_2.fastq.gz","fasp.sra.ebi.ac.uk:/vol1/fastq/SRR104/039/SRR10482839/SRR10482839_1.fastq.gz;fasp.sra.ebi.ac.uk:/vol1/fastq/SRR104/039/SRR10482839/SRR10482839_2.fastq.gz"
"SRX7172557","/mmfs1/gscratch/scrubbed/elstrand/Cvir_disease_meta/dataset5/fastq/SRX7172557_SRR10482838_1.fastq.gz","/mmfs1/gscratch/scrubbed/elstrand/Cvir_disease_meta/dataset5/fastq/SRX7172557_SRR10482838_2.fastq.gz","SRR10482838","SRX7172557","SAMN13321274","SRS5679225","PRJNA590205","SRP230336","SRA997639","DCS2015_P12_DA180_AGTCAA.R1.fastq.gz","DA180","DA180","PRJNA590205","PAIRED","PolyA","TRANSCRIPTOMIC","RNA-Seq","DA180","Illumina HiSeq 2500","ILLUMINA","1860451250","7441805","6565","Crassostrea virginica","Control group biological replicate for breed 242 at time point 36 hours","Illumina HiSeq 2500 sequencing: RNA-Seq of Crassostrea virginica: mantle tissue","Variation in global transcriptomic response to Perkinsus marinus infection among Eastern oyster families highlights potential mechanisms of disease resistance","Control group biological replicate for breed 242 at time point 36 hours","0b04c947a49df5ad750502b0a2a61acc;f5789130457fbfcf4e1bd63be67e705d","521776213;522474927","ftp.sra.ebi.ac.uk/vol1/fastq/SRR104/038/SRR10482838/SRR10482838_1.fastq.gz;ftp.sra.ebi.ac.uk/vol1/fastq/SRR104/038/SRR10482838/SRR10482838_2.fastq.gz","ftp.sra.ebi.ac.uk/vol1/fastq/SRR104/038/SRR10482838/SRR10482838_1.fastq.gz;ftp.sra.ebi.ac.uk/vol1/fastq/SRR104/038/SRR10482838/SRR10482838_2.fastq.gz","fasp.sra.ebi.ac.uk:/vol1/fastq/SRR104/038/SRR10482838/SRR10482838_1.fastq.gz;fasp.sra.ebi.ac.uk:/vol1/fastq/SRR104/038/SRR10482838/SRR10482838_2.fastq.gz"
"SRX7172558","/mmfs1/gscratch/scrubbed/elstrand/Cvir_disease_meta/dataset5/fastq/SRX7172558_SRR10482837_1.fastq.gz","/mmfs1/gscratch/scrubbed/elstrand/Cvir_disease_meta/dataset5/fastq/SRX7172558_SRR10482837_2.fastq.gz","SRR10482837","SRX7172558","SAMN13321275","SRS5679226","PRJNA590205","SRP230336","SRA997639","DCS2015_P9_DA49_TGACCA.R1.fastq.gz","DA49","DA49","PRJNA590205","PAIRED","PolyA","TRANSCRIPTOMIC","RNA-Seq","DA49","Illumina HiSeq 2500","ILLUMINA","2111199750","8444799","6565","Crassostrea virginica","Injected with Perkinsus marinus group biological replicate for breed 242 at time point 28 day","Illumina HiSeq 2500 sequencing: RNA-Seq of Crassostrea virginica: mantle tissue","Variation in global transcriptomic response to Perkinsus marinus infection among Eastern oyster families highlights potential mechanisms of disease resistance","Injected with Perkinsus marinus group biological replicate for breed 242 at time point 28 day","a94edea42605590c67b5639289b848cd;f21d55de09634b1476502f379fa5901d","621849046;625479865","ftp.sra.ebi.ac.uk/vol1/fastq/SRR104/037/SRR10482837/SRR10482837_1.fastq.gz;ftp.sra.ebi.ac.uk/vol1/fastq/SRR104/037/SRR10482837/SRR10482837_2.fastq.gz","ftp.sra.ebi.ac.uk/vol1/fastq/SRR104/037/SRR10482837/SRR10482837_1.fastq.gz;ftp.sra.ebi.ac.uk/vol1/fastq/SRR104/037/SRR10482837/SRR10482837_2.fastq.gz","fasp.sra.ebi.ac.uk:/vol1/fastq/SRR104/037/SRR10482837/SRR10482837_1.fastq.gz;fasp.sra.ebi.ac.uk:/vol1/fastq/SRR104/037/SRR10482837/SRR10482837_2.fastq.gz"
"SRX7172559","/mmfs1/gscratch/scrubbed/elstrand/Cvir_disease_meta/dataset5/fastq/SRX7172559_SRR10482836_1.fastq.gz","/mmfs1/gscratch/scrubbed/elstrand/Cvir_disease_meta/dataset5/fastq/SRX7172559_SRR10482836_2.fastq.gz","SRR10482836","SRX7172559","SAMN13321276","SRS5679227","PRJNA590205","SRP230336","SRA997639","DCS2015_P10_DA53_AGTCAA.R1.fastq.gz","DA53","DA53","PRJNA590205","PAIRED","PolyA","TRANSCRIPTOMIC","RNA-Seq","DA53","Illumina HiSeq 2500","ILLUMINA","1929902750","7719611","6565","Crassostrea virginica","Injected with Perkinsus marinus group biological replicate for breed 242 at time point 7 day","Illumina HiSeq 2500 sequencing: RNA-Seq of Crassostrea virginica: mantle tissue","Variation in global transcriptomic response to Perkinsus marinus infection among Eastern oyster families highlights potential mechanisms of disease resistance","Injected with Perkinsus marinus group biological replicate for breed 242 at time point 7 day","8b1466a46875800ebf118b3f466b792e;4c3720e4e7ad67446540c754cc8642bd","572991482;583518411","ftp.sra.ebi.ac.uk/vol1/fastq/SRR104/036/SRR10482836/SRR10482836_1.fastq.gz;ftp.sra.ebi.ac.uk/vol1/fastq/SRR104/036/SRR10482836/SRR10482836_2.fastq.gz","ftp.sra.ebi.ac.uk/vol1/fastq/SRR104/036/SRR10482836/SRR10482836_1.fastq.gz;ftp.sra.ebi.ac.uk/vol1/fastq/SRR104/036/SRR10482836/SRR10482836_2.fastq.gz","fasp.sra.ebi.ac.uk:/vol1/fastq/SRR104/036/SRR10482836/SRR10482836_1.fastq.gz;fasp.sra.ebi.ac.uk:/vol1/fastq/SRR104/036/SRR10482836/SRR10482836_2.fastq.gz"
"SRX7172560","/mmfs1/gscratch/scrubbed/elstrand/Cvir_disease_meta/dataset5/fastq/SRX7172560_SRR10482835_1.fastq.gz","/mmfs1/gscratch/scrubbed/elstrand/Cvir_disease_meta/dataset5/fastq/SRX7172560_SRR10482835_2.fastq.gz","SRR10482835","SRX7172560","SAMN13321295","SRS5679228","PRJNA590205","SRP230336","SRA997639","DP52_ATTCCT_TechRep1.R1.fastq.gz","DP52","DA147","PRJNA590205","PAIRED","PolyA","TRANSCRIPTOMIC","RNA-Seq","DP52","Illumina HiSeq 2500","ILLUMINA","2788483500","11153934","6565","Crassostrea virginica","Control group biological replicate for breed 242 at time point 7 day","Illumina HiSeq 2500 sequencing: RNA-Seq of Crassostrea virginica: mantle tissue","Variation in global transcriptomic response to Perkinsus marinus infection among Eastern oyster families highlights potential mechanisms of disease resistance","Control group biological replicate for breed 242 at time point 7 day","b25d6b8c2623c6c5276357b4fb38db58;b42cc99e4393a4f8e5cfbac6a8bd7f59","820731712;802510372","ftp.sra.ebi.ac.uk/vol1/fastq/SRR104/035/SRR10482835/SRR10482835_1.fastq.gz;ftp.sra.ebi.ac.uk/vol1/fastq/SRR104/035/SRR10482835/SRR10482835_2.fastq.gz","ftp.sra.ebi.ac.uk/vol1/fastq/SRR104/035/SRR10482835/SRR10482835_1.fastq.gz;ftp.sra.ebi.ac.uk/vol1/fastq/SRR104/035/SRR10482835/SRR10482835_2.fastq.gz","fasp.sra.ebi.ac.uk:/vol1/fastq/SRR104/035/SRR10482835/SRR10482835_1.fastq.gz;fasp.sra.ebi.ac.uk:/vol1/fastq/SRR104/035/SRR10482835/SRR10482835_2.fastq.gz"
"SRX7172561","/mmfs1/gscratch/scrubbed/elstrand/Cvir_disease_meta/dataset5/fastq/SRX7172561_SRR10482834_1.fastq.gz","/mmfs1/gscratch/scrubbed/elstrand/Cvir_disease_meta/dataset5/fastq/SRX7172561_SRR10482834_2.fastq.gz","SRR10482834","SRX7172561","SAMN13321296","SRS5679229","PRJNA590205","SRP230336","SRA997639","DP53_TAGCTT_TechRep1.R1.fastq.gz","DP53","DA149","PRJNA590205","PAIRED","PolyA","TRANSCRIPTOMIC","RNA-Seq","DP53","Illumina HiSeq 2500","ILLUMINA","2075779750","8303119","6565","Crassostrea virginica","Control group biological replicate for breed 242 at time point 28 day","Illumina HiSeq 2500 sequencing: RNA-Seq of Crassostrea virginica: mantle tissue","Variation in global transcriptomic response to Perkinsus marinus infection among Eastern oyster families highlights potential mechanisms of disease resistance","Control group biological replicate for breed 242 at time point 28 day","6d960c9efabde1db61c7d277d26f272f;fa05d5ca889473b44c61aca470e583f7","606187196;598646821","ftp.sra.ebi.ac.uk/vol1/fastq/SRR104/034/SRR10482834/SRR10482834_1.fastq.gz;ftp.sra.ebi.ac.uk/vol1/fastq/SRR104/034/SRR10482834/SRR10482834_2.fastq.gz","ftp.sra.ebi.ac.uk/vol1/fastq/SRR104/034/SRR10482834/SRR10482834_1.fastq.gz;ftp.sra.ebi.ac.uk/vol1/fastq/SRR104/034/SRR10482834/SRR10482834_2.fastq.gz","fasp.sra.ebi.ac.uk:/vol1/fastq/SRR104/034/SRR10482834/SRR10482834_1.fastq.gz;fasp.sra.ebi.ac.uk:/vol1/fastq/SRR104/034/SRR10482834/SRR10482834_2.fastq.gz"
"SRX7172562","/mmfs1/gscratch/scrubbed/elstrand/Cvir_disease_meta/dataset5/fastq/SRX7172562_SRR10482833_1.fastq.gz","/mmfs1/gscratch/scrubbed/elstrand/Cvir_disease_meta/dataset5/fastq/SRX7172562_SRR10482833_2.fastq.gz","SRR10482833","SRX7172562","SAMN13321270","SRS5679230","PRJNA590205","SRP230336","SRA997639","DCS2015_P11_DA170_AGTCAA.R1.fastq.gz","DA170","DA170","PRJNA590205","PAIRED","PolyA","TRANSCRIPTOMIC","RNA-Seq","DA170","Illumina HiSeq 2500","ILLUMINA","2688798500","10755194","6565","Crassostrea virginica","Control group biological replicate for breed 242 at time point 7 day","Illumina HiSeq 2500 sequencing: RNA-Seq of Crassostrea virginica: mantle tissue","Variation in global transcriptomic response to Perkinsus marinus infection among Eastern oyster families highlights potential mechanisms of disease resistance","Control group biological replicate for breed 242 at time point 7 day","b529d7efe0a34496ae3579c66f0235c8;75d9bc61a962e0585697dc99e7963589","767940901;767874327","ftp.sra.ebi.ac.uk/vol1/fastq/SRR104/033/SRR10482833/SRR10482833_1.fastq.gz;ftp.sra.ebi.ac.uk/vol1/fastq/SRR104/033/SRR10482833/SRR10482833_2.fastq.gz","ftp.sra.ebi.ac.uk/vol1/fastq/SRR104/033/SRR10482833/SRR10482833_1.fastq.gz;ftp.sra.ebi.ac.uk/vol1/fastq/SRR104/033/SRR10482833/SRR10482833_2.fastq.gz","fasp.sra.ebi.ac.uk:/vol1/fastq/SRR104/033/SRR10482833/SRR10482833_1.fastq.gz;fasp.sra.ebi.ac.uk:/vol1/fastq/SRR104/033/SRR10482833/SRR10482833_2.fastq.gz"
"SRX7172563","/mmfs1/gscratch/scrubbed/elstrand/Cvir_disease_meta/dataset5/fastq/SRX7172563_SRR10482832_1.fastq.gz","/mmfs1/gscratch/scrubbed/elstrand/Cvir_disease_meta/dataset5/fastq/SRX7172563_SRR10482832_2.fastq.gz","SRR10482832","SRX7172563","SAMN13321297","SRS5679231","PRJNA590205","SRP230336","SRA997639","DP54_ACTGAT_TechRep1.R1.fastq.gz","DP54","DA152","PRJNA590205","PAIRED","PolyA","TRANSCRIPTOMIC","RNA-Seq","DP54","Illumina HiSeq 2500","ILLUMINA","2436105250","9744421","6565","Crassostrea virginica","Control group biological replicate for breed 242 at time point 36 hours","Illumina HiSeq 2500 sequencing: RNA-Seq of Crassostrea virginica: mantle tissue","Variation in global transcriptomic response to Perkinsus marinus infection among Eastern oyster families highlights potential mechanisms of disease resistance","Control group biological replicate for breed 242 at time point 36 hours","a49148f07a98335b65f26dc57840ef06;9ed02c14c604accc6fddf3305878bd8f","710310601;698156821","ftp.sra.ebi.ac.uk/vol1/fastq/SRR104/032/SRR10482832/SRR10482832_1.fastq.gz;ftp.sra.ebi.ac.uk/vol1/fastq/SRR104/032/SRR10482832/SRR10482832_2.fastq.gz","ftp.sra.ebi.ac.uk/vol1/fastq/SRR104/032/SRR10482832/SRR10482832_1.fastq.gz;ftp.sra.ebi.ac.uk/vol1/fastq/SRR104/032/SRR10482832/SRR10482832_2.fastq.gz","fasp.sra.ebi.ac.uk:/vol1/fastq/SRR104/032/SRR10482832/SRR10482832_1.fastq.gz;fasp.sra.ebi.ac.uk:/vol1/fastq/SRR104/032/SRR10482832/SRR10482832_2.fastq.gz"
"SRX7172564","/mmfs1/gscratch/scrubbed/elstrand/Cvir_disease_meta/dataset5/fastq/SRX7172564_SRR10482831_1.fastq.gz","/mmfs1/gscratch/scrubbed/elstrand/Cvir_disease_meta/dataset5/fastq/SRX7172564_SRR10482831_2.fastq.gz","SRR10482831","SRX7172564","SAMN13321298","SRS5679232","PRJNA590205","SRP230336","SRA997639","DP55_GGCTAC_TechRep1.R1.fastq.gz","DP55","DA153","PRJNA590205","PAIRED","PolyA","TRANSCRIPTOMIC","RNA-Seq","DP55","Illumina HiSeq 2500","ILLUMINA","2308023250","9232093","6565","Crassostrea virginica","Control group biological replicate for breed 242 at time point 7 day","Illumina HiSeq 2500 sequencing: RNA-Seq of Crassostrea virginica: mantle tissue","Variation in global transcriptomic response to Perkinsus marinus infection among Eastern oyster families highlights potential mechanisms of disease resistance","Control group biological replicate for breed 242 at time point 7 day","c6ce47a11e1012247c3f626cc946c43a;c5209b6e9170809b1cff47d35d935bb6","680068426;673952941","ftp.sra.ebi.ac.uk/vol1/fastq/SRR104/031/SRR10482831/SRR10482831_1.fastq.gz;ftp.sra.ebi.ac.uk/vol1/fastq/SRR104/031/SRR10482831/SRR10482831_2.fastq.gz","ftp.sra.ebi.ac.uk/vol1/fastq/SRR104/031/SRR10482831/SRR10482831_1.fastq.gz;ftp.sra.ebi.ac.uk/vol1/fastq/SRR104/031/SRR10482831/SRR10482831_2.fastq.gz","fasp.sra.ebi.ac.uk:/vol1/fastq/SRR104/031/SRR10482831/SRR10482831_1.fastq.gz;fasp.sra.ebi.ac.uk:/vol1/fastq/SRR104/031/SRR10482831/SRR10482831_2.fastq.gz"
"SRX7172565","/mmfs1/gscratch/scrubbed/elstrand/Cvir_disease_meta/dataset5/fastq/SRX7172565_SRR10482830_1.fastq.gz","/mmfs1/gscratch/scrubbed/elstrand/Cvir_disease_meta/dataset5/fastq/SRX7172565_SRR10482830_2.fastq.gz","SRR10482830","SRX7172565","SAMN13321299","SRS5679233","PRJNA590205","SRP230336","SRA997639","DP57_CGATGT_TechRep1.R1.fastq.gz","DP57","LB19","PRJNA590205","PAIRED","PolyA","TRANSCRIPTOMIC","RNA-Seq","DP57","Illumina HiSeq 2500","ILLUMINA","2186926250","8747705","6565","Crassostrea virginica","Injected with Perkinsus marinus group biological replicate for breed 266 at time point 28 day","Illumina HiSeq 2500 sequencing: RNA-Seq of Crassostrea virginica: mantle tissue","Variation in global transcriptomic response to Perkinsus marinus infection among Eastern oyster families highlights potential mechanisms of disease resistance","Injected with Perkinsus marinus group biological replicate for breed 266 at time point 28 day","04b23f190a06ca15a1111866cc52dcd4;ddf8b51bc2583442f08d1b557535ec93","617623023;627137109","ftp.sra.ebi.ac.uk/vol1/fastq/SRR104/030/SRR10482830/SRR10482830_1.fastq.gz;ftp.sra.ebi.ac.uk/vol1/fastq/SRR104/030/SRR10482830/SRR10482830_2.fastq.gz","ftp.sra.ebi.ac.uk/vol1/fastq/SRR104/030/SRR10482830/SRR10482830_1.fastq.gz;ftp.sra.ebi.ac.uk/vol1/fastq/SRR104/030/SRR10482830/SRR10482830_2.fastq.gz","fasp.sra.ebi.ac.uk:/vol1/fastq/SRR104/030/SRR10482830/SRR10482830_1.fastq.gz;fasp.sra.ebi.ac.uk:/vol1/fastq/SRR104/030/SRR10482830/SRR10482830_2.fastq.gz"
"SRX7172566","/mmfs1/gscratch/scrubbed/elstrand/Cvir_disease_meta/dataset5/fastq/SRX7172566_SRR10482829_1.fastq.gz","/mmfs1/gscratch/scrubbed/elstrand/Cvir_disease_meta/dataset5/fastq/SRX7172566_SRR10482829_2.fastq.gz","SRR10482829","SRX7172566","SAMN13321300","SRS5679234","PRJNA590205","SRP230336","SRA997639","DP58_AGTCAA_TechRep1.R1.fastq.gz","DP58","LB20","PRJNA590205","PAIRED","PolyA","TRANSCRIPTOMIC","RNA-Seq","DP58","Illumina HiSeq 2500","ILLUMINA","3177781000","12711124","6565","Crassostrea virginica","Injected with Perkinsus marinus group biological replicate for breed 266 at time point 36 hours","Illumina HiSeq 2500 sequencing: RNA-Seq of Crassostrea virginica: mantle tissue","Variation in global transcriptomic response to Perkinsus marinus infection among Eastern oyster families highlights potential mechanisms of disease resistance","Injected with Perkinsus marinus group biological replicate for breed 266 at time point 36 hours","cc230707c7fec8250b140ee1f9dbbdf3;63d32e200cbd84aa60a1cba163c7f716","909453608;894792889","ftp.sra.ebi.ac.uk/vol1/fastq/SRR104/029/SRR10482829/SRR10482829_1.fastq.gz;ftp.sra.ebi.ac.uk/vol1/fastq/SRR104/029/SRR10482829/SRR10482829_2.fastq.gz","ftp.sra.ebi.ac.uk/vol1/fastq/SRR104/029/SRR10482829/SRR10482829_1.fastq.gz;ftp.sra.ebi.ac.uk/vol1/fastq/SRR104/029/SRR10482829/SRR10482829_2.fastq.gz","fasp.sra.ebi.ac.uk:/vol1/fastq/SRR104/029/SRR10482829/SRR10482829_1.fastq.gz;fasp.sra.ebi.ac.uk:/vol1/fastq/SRR104/029/SRR10482829/SRR10482829_2.fastq.gz"
"SRX7172567","/mmfs1/gscratch/scrubbed/elstrand/Cvir_disease_meta/dataset5/fastq/SRX7172567_SRR10482828_1.fastq.gz","/mmfs1/gscratch/scrubbed/elstrand/Cvir_disease_meta/dataset5/fastq/SRX7172567_SRR10482828_2.fastq.gz","SRR10482828","SRX7172567","SAMN13321301","SRS5679235","PRJNA590205","SRP230336","SRA997639","DP59_TGACCA_TechRep1.R1.fastq.gz","DP59","LB21","PRJNA590205","PAIRED","PolyA","TRANSCRIPTOMIC","RNA-Seq","DP59","Illumina HiSeq 2500","ILLUMINA","2660910500","10643642","6565","Crassostrea virginica","Injected with Perkinsus marinus group biological replicate for breed 266 at time point 7 day","Illumina HiSeq 2500 sequencing: RNA-Seq of Crassostrea virginica: mantle tissue","Variation in global transcriptomic response to Perkinsus marinus infection among Eastern oyster families highlights potential mechanisms of disease resistance","Injected with Perkinsus marinus group biological replicate for breed 266 at time point 7 day","99c648c7fd99308ebf9555a63528f446;c28421b5e23f7967da02fbe0f2db4db9","777240275;765031833","ftp.sra.ebi.ac.uk/vol1/fastq/SRR104/028/SRR10482828/SRR10482828_1.fastq.gz;ftp.sra.ebi.ac.uk/vol1/fastq/SRR104/028/SRR10482828/SRR10482828_2.fastq.gz","ftp.sra.ebi.ac.uk/vol1/fastq/SRR104/028/SRR10482828/SRR10482828_1.fastq.gz;ftp.sra.ebi.ac.uk/vol1/fastq/SRR104/028/SRR10482828/SRR10482828_2.fastq.gz","fasp.sra.ebi.ac.uk:/vol1/fastq/SRR104/028/SRR10482828/SRR10482828_1.fastq.gz;fasp.sra.ebi.ac.uk:/vol1/fastq/SRR104/028/SRR10482828/SRR10482828_2.fastq.gz"
"SRX7172568","/mmfs1/gscratch/scrubbed/elstrand/Cvir_disease_meta/dataset5/fastq/SRX7172568_SRR10482827_1.fastq.gz","/mmfs1/gscratch/scrubbed/elstrand/Cvir_disease_meta/dataset5/fastq/SRX7172568_SRR10482827_2.fastq.gz","SRR10482827","SRX7172568","SAMN13321302","SRS5679236","PRJNA590205","SRP230336","SRA997639","DP61_CGATGT_TechRep1.R1.fastq.gz","DP61","LB26","PRJNA590205","PAIRED","PolyA","TRANSCRIPTOMIC","RNA-Seq","DP61","Illumina HiSeq 2500","ILLUMINA","1923507500","7694030","6565","Crassostrea virginica","Injected with Perkinsus marinus group biological replicate for breed 266 at time point 7 day","Illumina HiSeq 2500 sequencing: RNA-Seq of Crassostrea virginica: mantle tissue","Variation in global transcriptomic response to Perkinsus marinus infection among Eastern oyster families highlights potential mechanisms of disease resistance","Injected with Perkinsus marinus group biological replicate for breed 266 at time point 7 day","ca4a1e1b9ae9ec69d63f4c77dbb957a1;df4fd71c43ccb2df13124656624466b0","546506324;552990417","ftp.sra.ebi.ac.uk/vol1/fastq/SRR104/027/SRR10482827/SRR10482827_1.fastq.gz;ftp.sra.ebi.ac.uk/vol1/fastq/SRR104/027/SRR10482827/SRR10482827_2.fastq.gz","ftp.sra.ebi.ac.uk/vol1/fastq/SRR104/027/SRR10482827/SRR10482827_1.fastq.gz;ftp.sra.ebi.ac.uk/vol1/fastq/SRR104/027/SRR10482827/SRR10482827_2.fastq.gz","fasp.sra.ebi.ac.uk:/vol1/fastq/SRR104/027/SRR10482827/SRR10482827_1.fastq.gz;fasp.sra.ebi.ac.uk:/vol1/fastq/SRR104/027/SRR10482827/SRR10482827_2.fastq.gz"
"SRX7172569","/mmfs1/gscratch/scrubbed/elstrand/Cvir_disease_meta/dataset5/fastq/SRX7172569_SRR10482826_1.fastq.gz","/mmfs1/gscratch/scrubbed/elstrand/Cvir_disease_meta/dataset5/fastq/SRX7172569_SRR10482826_2.fastq.gz","SRR10482826","SRX7172569","SAMN13321303","SRS5679237","PRJNA590205","SRP230336","SRA997639","DP62_AGTCAA_TechRep1.R1.fastq.gz","DP62","LB32","PRJNA590205","PAIRED","PolyA","TRANSCRIPTOMIC","RNA-Seq","DP62","Illumina HiSeq 2500","ILLUMINA","2230943500","8923774","6565","Crassostrea virginica","Injected with Perkinsus marinus group biological replicate for breed 266 at time point 28 day","Illumina HiSeq 2500 sequencing: RNA-Seq of Crassostrea virginica: mantle tissue","Variation in global transcriptomic response to Perkinsus marinus infection among Eastern oyster families highlights potential mechanisms of disease resistance","Injected with Perkinsus marinus group biological replicate for breed 266 at time point 28 day","df9a7b8fff64866425dd47e735aca037;0a40d1f0ed3db618d4072dd74f318140","654679164;641257839","ftp.sra.ebi.ac.uk/vol1/fastq/SRR104/026/SRR10482826/SRR10482826_1.fastq.gz;ftp.sra.ebi.ac.uk/vol1/fastq/SRR104/026/SRR10482826/SRR10482826_2.fastq.gz","ftp.sra.ebi.ac.uk/vol1/fastq/SRR104/026/SRR10482826/SRR10482826_1.fastq.gz;ftp.sra.ebi.ac.uk/vol1/fastq/SRR104/026/SRR10482826/SRR10482826_2.fastq.gz","fasp.sra.ebi.ac.uk:/vol1/fastq/SRR104/026/SRR10482826/SRR10482826_1.fastq.gz;fasp.sra.ebi.ac.uk:/vol1/fastq/SRR104/026/SRR10482826/SRR10482826_2.fastq.gz"
"SRX7172570","/mmfs1/gscratch/scrubbed/elstrand/Cvir_disease_meta/dataset5/fastq/SRX7172570_SRR10482825_1.fastq.gz","/mmfs1/gscratch/scrubbed/elstrand/Cvir_disease_meta/dataset5/fastq/SRX7172570_SRR10482825_2.fastq.gz","SRR10482825","SRX7172570","SAMN13321304","SRS5679238","PRJNA590205","SRP230336","SRA997639","DP63_TGACCA_TechRep1.R1.fastq.gz","DP63","LB36","PRJNA590205","PAIRED","PolyA","TRANSCRIPTOMIC","RNA-Seq","DP63","Illumina HiSeq 2500","ILLUMINA","2397915500","9591662","6565","Crassostrea virginica","Injected with Perkinsus marinus group biological replicate for breed 266 at time point 36 hours","Illumina HiSeq 2500 sequencing: RNA-Seq of Crassostrea virginica: mantle tissue","Variation in global transcriptomic response to Perkinsus marinus infection among Eastern oyster families highlights potential mechanisms of disease resistance","Injected with Perkinsus marinus group biological replicate for breed 266 at time point 36 hours","af0536ecfed3e2482feee92567265df6;281f4a3490b095510a912b2b7bab216a","700889652;686020890","ftp.sra.ebi.ac.uk/vol1/fastq/SRR104/025/SRR10482825/SRR10482825_1.fastq.gz;ftp.sra.ebi.ac.uk/vol1/fastq/SRR104/025/SRR10482825/SRR10482825_2.fastq.gz","ftp.sra.ebi.ac.uk/vol1/fastq/SRR104/025/SRR10482825/SRR10482825_1.fastq.gz;ftp.sra.ebi.ac.uk/vol1/fastq/SRR104/025/SRR10482825/SRR10482825_2.fastq.gz","fasp.sra.ebi.ac.uk:/vol1/fastq/SRR104/025/SRR10482825/SRR10482825_1.fastq.gz;fasp.sra.ebi.ac.uk:/vol1/fastq/SRR104/025/SRR10482825/SRR10482825_2.fastq.gz"
"SRX7172571","/mmfs1/gscratch/scrubbed/elstrand/Cvir_disease_meta/dataset5/fastq/SRX7172571_SRR10482824_1.fastq.gz","/mmfs1/gscratch/scrubbed/elstrand/Cvir_disease_meta/dataset5/fastq/SRX7172571_SRR10482824_2.fastq.gz","SRR10482824","SRX7172571","SAMN13321305","SRS5679239","PRJNA590205","SRP230336","SRA997639","DP65_CGATGT_TechRep1.R1.fastq.gz","DP65","LB39","PRJNA590205","PAIRED","PolyA","TRANSCRIPTOMIC","RNA-Seq","DP65","Illumina HiSeq 2500","ILLUMINA","1814376250","7257505","6565","Crassostrea virginica","Injected with Perkinsus marinus group biological replicate for breed 266 at time point 7 day","Illumina HiSeq 2500 sequencing: RNA-Seq of Crassostrea virginica: mantle tissue","Variation in global transcriptomic response to Perkinsus marinus infection among Eastern oyster families highlights potential mechanisms of disease resistance","Injected with Perkinsus marinus group biological replicate for breed 266 at time point 7 day","ca024fce70d6a8fb96d7cc40a10cf8ee;2aa68256e4dd291801e17e9f2a1564c3","522193510;525280841","ftp.sra.ebi.ac.uk/vol1/fastq/SRR104/024/SRR10482824/SRR10482824_1.fastq.gz;ftp.sra.ebi.ac.uk/vol1/fastq/SRR104/024/SRR10482824/SRR10482824_2.fastq.gz","ftp.sra.ebi.ac.uk/vol1/fastq/SRR104/024/SRR10482824/SRR10482824_1.fastq.gz;ftp.sra.ebi.ac.uk/vol1/fastq/SRR104/024/SRR10482824/SRR10482824_2.fastq.gz","fasp.sra.ebi.ac.uk:/vol1/fastq/SRR104/024/SRR10482824/SRR10482824_1.fastq.gz;fasp.sra.ebi.ac.uk:/vol1/fastq/SRR104/024/SRR10482824/SRR10482824_2.fastq.gz"
"SRX7172572","/mmfs1/gscratch/scrubbed/elstrand/Cvir_disease_meta/dataset5/fastq/SRX7172572_SRR10482823_1.fastq.gz","/mmfs1/gscratch/scrubbed/elstrand/Cvir_disease_meta/dataset5/fastq/SRX7172572_SRR10482823_2.fastq.gz","SRR10482823","SRX7172572","SAMN13321306","SRS5679240","PRJNA590205","SRP230336","SRA997639","DP67_TGACCA_TechRep1.R1.fastq.gz","DP67","LB43","PRJNA590205","PAIRED","PolyA","TRANSCRIPTOMIC","RNA-Seq","DP67","Illumina HiSeq 2500","ILLUMINA","2864657750","11458631","6565","Crassostrea virginica","Injected with Perkinsus marinus group biological replicate for breed 266 at time point 36 hours","Illumina HiSeq 2500 sequencing: RNA-Seq of Crassostrea virginica: mantle tissue","Variation in global transcriptomic response to Perkinsus marinus infection among Eastern oyster families highlights potential mechanisms of disease resistance","Injected with Perkinsus marinus group biological replicate for breed 266 at time point 36 hours","b9317980ed1bab3d11847a96e5660e22;f9698f3a852ed2e047a2d96d768a07a4","845183364;827226662","ftp.sra.ebi.ac.uk/vol1/fastq/SRR104/023/SRR10482823/SRR10482823_1.fastq.gz;ftp.sra.ebi.ac.uk/vol1/fastq/SRR104/023/SRR10482823/SRR10482823_2.fastq.gz","ftp.sra.ebi.ac.uk/vol1/fastq/SRR104/023/SRR10482823/SRR10482823_1.fastq.gz;ftp.sra.ebi.ac.uk/vol1/fastq/SRR104/023/SRR10482823/SRR10482823_2.fastq.gz","fasp.sra.ebi.ac.uk:/vol1/fastq/SRR104/023/SRR10482823/SRR10482823_1.fastq.gz;fasp.sra.ebi.ac.uk:/vol1/fastq/SRR104/023/SRR10482823/SRR10482823_2.fastq.gz"
"SRX7172573","/mmfs1/gscratch/scrubbed/elstrand/Cvir_disease_meta/dataset5/fastq/SRX7172573_SRR10482822_1.fastq.gz","/mmfs1/gscratch/scrubbed/elstrand/Cvir_disease_meta/dataset5/fastq/SRX7172573_SRR10482822_2.fastq.gz","SRR10482822","SRX7172573","SAMN13321271","SRS5679241","PRJNA590205","SRP230336","SRA997639","DCS2015_P11_DA174_AGTTCC.R1.fastq.gz","DA174","DA174","PRJNA590205","PAIRED","PolyA","TRANSCRIPTOMIC","RNA-Seq","DA174","Illumina HiSeq 2500","ILLUMINA","1855803250","7423213","6565","Crassostrea virginica","Control group biological replicate for breed 242 at time point 28 day","Illumina HiSeq 2500 sequencing: RNA-Seq of Crassostrea virginica: mantle tissue","Variation in global transcriptomic response to Perkinsus marinus infection among Eastern oyster families highlights potential mechanisms of disease resistance","Control group biological replicate for breed 242 at time point 28 day","985bbc0fe77a8dc3a71681b552dc1850;4faa094bdcea30273c694e5508592f1d","522707944;529646201","ftp.sra.ebi.ac.uk/vol1/fastq/SRR104/022/SRR10482822/SRR10482822_1.fastq.gz;ftp.sra.ebi.ac.uk/vol1/fastq/SRR104/022/SRR10482822/SRR10482822_2.fastq.gz","ftp.sra.ebi.ac.uk/vol1/fastq/SRR104/022/SRR10482822/SRR10482822_1.fastq.gz;ftp.sra.ebi.ac.uk/vol1/fastq/SRR104/022/SRR10482822/SRR10482822_2.fastq.gz","fasp.sra.ebi.ac.uk:/vol1/fastq/SRR104/022/SRR10482822/SRR10482822_1.fastq.gz;fasp.sra.ebi.ac.uk:/vol1/fastq/SRR104/022/SRR10482822/SRR10482822_2.fastq.gz"
"SRX7172574","/mmfs1/gscratch/scrubbed/elstrand/Cvir_disease_meta/dataset5/fastq/SRX7172574_SRR10482821_1.fastq.gz","/mmfs1/gscratch/scrubbed/elstrand/Cvir_disease_meta/dataset5/fastq/SRX7172574_SRR10482821_2.fastq.gz","SRR10482821","SRX7172574","SAMN13321307","SRS5679242","PRJNA590205","SRP230336","SRA997639","DP68_AGTTCC_TechRep1.R1.fastq.gz","DP68","LB51","PRJNA590205","PAIRED","PolyA","TRANSCRIPTOMIC","RNA-Seq","DP68","Illumina HiSeq 2500","ILLUMINA","2843585750","11374343","6565","Crassostrea virginica","Injected with Perkinsus marinus group biological replicate for breed 266 at time point 28 day","Illumina HiSeq 2500 sequencing: RNA-Seq of Crassostrea virginica: mantle tissue","Variation in global transcriptomic response to Perkinsus marinus infection among Eastern oyster families highlights potential mechanisms of disease resistance","Injected with Perkinsus marinus group biological replicate for breed 266 at time point 28 day","fa7c095ffa5310e2921ec279bd65fa11;982dbfa8d599d541b933aff7eb0f6efe","822720617;815020075","ftp.sra.ebi.ac.uk/vol1/fastq/SRR104/021/SRR10482821/SRR10482821_1.fastq.gz;ftp.sra.ebi.ac.uk/vol1/fastq/SRR104/021/SRR10482821/SRR10482821_2.fastq.gz","ftp.sra.ebi.ac.uk/vol1/fastq/SRR104/021/SRR10482821/SRR10482821_1.fastq.gz;ftp.sra.ebi.ac.uk/vol1/fastq/SRR104/021/SRR10482821/SRR10482821_2.fastq.gz","fasp.sra.ebi.ac.uk:/vol1/fastq/SRR104/021/SRR10482821/SRR10482821_1.fastq.gz;fasp.sra.ebi.ac.uk:/vol1/fastq/SRR104/021/SRR10482821/SRR10482821_2.fastq.gz"
"SRX7172575","/mmfs1/gscratch/scrubbed/elstrand/Cvir_disease_meta/dataset5/fastq/SRX7172575_SRR10482820_1.fastq.gz","/mmfs1/gscratch/scrubbed/elstrand/Cvir_disease_meta/dataset5/fastq/SRX7172575_SRR10482820_2.fastq.gz","SRR10482820","SRX7172575","SAMN13321308","SRS5679243","PRJNA590205","SRP230336","SRA997639","DP81_CAGATC_TechRep1.R1.fastq.gz","DP81","LB129","PRJNA590205","PAIRED","PolyA","TRANSCRIPTOMIC","RNA-Seq","DP81","Illumina HiSeq 2500","ILLUMINA","2785394500","11141578","6565","Crassostrea virginica","Control group biological replicate for breed 266 at time point 7 day","Illumina HiSeq 2500 sequencing: RNA-Seq of Crassostrea virginica: mantle tissue","Variation in global transcriptomic response to Perkinsus marinus infection among Eastern oyster families highlights potential mechanisms of disease resistance","Control group biological replicate for breed 266 at time point 7 day","0a896d9045a9888aad6068da7dc6640c;3c3c927d964b7dd8774a4a05ae76a108","817527355;821803495","ftp.sra.ebi.ac.uk/vol1/fastq/SRR104/020/SRR10482820/SRR10482820_1.fastq.gz;ftp.sra.ebi.ac.uk/vol1/fastq/SRR104/020/SRR10482820/SRR10482820_2.fastq.gz","ftp.sra.ebi.ac.uk/vol1/fastq/SRR104/020/SRR10482820/SRR10482820_1.fastq.gz;ftp.sra.ebi.ac.uk/vol1/fastq/SRR104/020/SRR10482820/SRR10482820_2.fastq.gz","fasp.sra.ebi.ac.uk:/vol1/fastq/SRR104/020/SRR10482820/SRR10482820_1.fastq.gz;fasp.sra.ebi.ac.uk:/vol1/fastq/SRR104/020/SRR10482820/SRR10482820_2.fastq.gz"
"SRX7172576","/mmfs1/gscratch/scrubbed/elstrand/Cvir_disease_meta/dataset5/fastq/SRX7172576_SRR10482819_1.fastq.gz","/mmfs1/gscratch/scrubbed/elstrand/Cvir_disease_meta/dataset5/fastq/SRX7172576_SRR10482819_2.fastq.gz","SRR10482819","SRX7172576","SAMN13321309","SRS5679244","PRJNA590205","SRP230336","SRA997639","DP82_GTCCGC_TechRep1.R1.fastq.gz","DP82","LB131","PRJNA590205","PAIRED","PolyA","TRANSCRIPTOMIC","RNA-Seq","DP82","Illumina HiSeq 2500","ILLUMINA","2785335500","11141342","6565","Crassostrea virginica","Control group biological replicate for breed 266 at time point 28 day","Illumina HiSeq 2500 sequencing: RNA-Seq of Crassostrea virginica: mantle tissue","Variation in global transcriptomic response to Perkinsus marinus infection among Eastern oyster families highlights potential mechanisms of disease resistance","Control group biological replicate for breed 266 at time point 28 day","7beb18f4ed49aafbe12beea2bb27f63e;31c3ac817b962343999d74934f056e3e","819577735;812853774","ftp.sra.ebi.ac.uk/vol1/fastq/SRR104/019/SRR10482819/SRR10482819_1.fastq.gz;ftp.sra.ebi.ac.uk/vol1/fastq/SRR104/019/SRR10482819/SRR10482819_2.fastq.gz","ftp.sra.ebi.ac.uk/vol1/fastq/SRR104/019/SRR10482819/SRR10482819_1.fastq.gz;ftp.sra.ebi.ac.uk/vol1/fastq/SRR104/019/SRR10482819/SRR10482819_2.fastq.gz","fasp.sra.ebi.ac.uk:/vol1/fastq/SRR104/019/SRR10482819/SRR10482819_1.fastq.gz;fasp.sra.ebi.ac.uk:/vol1/fastq/SRR104/019/SRR10482819/SRR10482819_2.fastq.gz"
"SRX7172577","/mmfs1/gscratch/scrubbed/elstrand/Cvir_disease_meta/dataset5/fastq/SRX7172577_SRR10482818_1.fastq.gz","/mmfs1/gscratch/scrubbed/elstrand/Cvir_disease_meta/dataset5/fastq/SRX7172577_SRR10482818_2.fastq.gz","SRR10482818","SRX7172577","SAMN13321310","SRS5679245","PRJNA590205","SRP230336","SRA997639","DP84_GTGAAA_TechRep1.R1.fastq.gz","DP84","LB136","PRJNA590205","PAIRED","PolyA","TRANSCRIPTOMIC","RNA-Seq","DP84","Illumina HiSeq 2500","ILLUMINA","2205227500","8820910","6565","Crassostrea virginica","Control group biological replicate for breed 266 at time point 36 hours","Illumina HiSeq 2500 sequencing: RNA-Seq of Crassostrea virginica: mantle tissue","Variation in global transcriptomic response to Perkinsus marinus infection among Eastern oyster families highlights potential mechanisms of disease resistance","Control group biological replicate for breed 266 at time point 36 hours","fd08e42630a85423ce5af1901ed6e15c;b551fe88e3c82aef8c9e482f934434d2","675747081;639831084","ftp.sra.ebi.ac.uk/vol1/fastq/SRR104/018/SRR10482818/SRR10482818_1.fastq.gz;ftp.sra.ebi.ac.uk/vol1/fastq/SRR104/018/SRR10482818/SRR10482818_2.fastq.gz","ftp.sra.ebi.ac.uk/vol1/fastq/SRR104/018/SRR10482818/SRR10482818_1.fastq.gz;ftp.sra.ebi.ac.uk/vol1/fastq/SRR104/018/SRR10482818/SRR10482818_2.fastq.gz","fasp.sra.ebi.ac.uk:/vol1/fastq/SRR104/018/SRR10482818/SRR10482818_1.fastq.gz;fasp.sra.ebi.ac.uk:/vol1/fastq/SRR104/018/SRR10482818/SRR10482818_2.fastq.gz"
"SRX7172578","/mmfs1/gscratch/scrubbed/elstrand/Cvir_disease_meta/dataset5/fastq/SRX7172578_SRR10482817_1.fastq.gz","/mmfs1/gscratch/scrubbed/elstrand/Cvir_disease_meta/dataset5/fastq/SRX7172578_SRR10482817_2.fastq.gz","SRR10482817","SRX7172578","SAMN13321311","SRS5679246","PRJNA590205","SRP230336","SRA997639","DP85_CAGATC_TechRep1.R1.fastq.gz","DP85","LB140","PRJNA590205","PAIRED","PolyA","TRANSCRIPTOMIC","RNA-Seq","DP85","Illumina HiSeq 2500","ILLUMINA","2103795250","8415181","6565","Crassostrea virginica","Control group biological replicate for breed 266 at time point 28 day","Illumina HiSeq 2500 sequencing: RNA-Seq of Crassostrea virginica: mantle tissue","Variation in global transcriptomic response to Perkinsus marinus infection among Eastern oyster families highlights potential mechanisms of disease resistance","Control group biological replicate for breed 266 at time point 28 day","9c4ae0779d696c846e0b227a9e30d779;31e99b3321747ba255849f2cfbc0fb98","620754833;619009209","ftp.sra.ebi.ac.uk/vol1/fastq/SRR104/017/SRR10482817/SRR10482817_1.fastq.gz;ftp.sra.ebi.ac.uk/vol1/fastq/SRR104/017/SRR10482817/SRR10482817_2.fastq.gz","ftp.sra.ebi.ac.uk/vol1/fastq/SRR104/017/SRR10482817/SRR10482817_1.fastq.gz;ftp.sra.ebi.ac.uk/vol1/fastq/SRR104/017/SRR10482817/SRR10482817_2.fastq.gz","fasp.sra.ebi.ac.uk:/vol1/fastq/SRR104/017/SRR10482817/SRR10482817_1.fastq.gz;fasp.sra.ebi.ac.uk:/vol1/fastq/SRR104/017/SRR10482817/SRR10482817_2.fastq.gz"
"SRX7172579","/mmfs1/gscratch/scrubbed/elstrand/Cvir_disease_meta/dataset5/fastq/SRX7172579_SRR10482816_1.fastq.gz","/mmfs1/gscratch/scrubbed/elstrand/Cvir_disease_meta/dataset5/fastq/SRX7172579_SRR10482816_2.fastq.gz","SRR10482816","SRX7172579","SAMN13321312","SRS5679247","PRJNA590205","SRP230336","SRA997639","DP86_GTCCGC_TechRep1.R1.fastq.gz","DP86","LB143","PRJNA590205","PAIRED","PolyA","TRANSCRIPTOMIC","RNA-Seq","DP86","Illumina HiSeq 2500","ILLUMINA","2237628250","8950513","6565","Crassostrea virginica","Control group biological replicate for breed 266 at time point 36 hours","Illumina HiSeq 2500 sequencing: RNA-Seq of Crassostrea virginica: mantle tissue","Variation in global transcriptomic response to Perkinsus marinus infection among Eastern oyster families highlights potential mechanisms of disease resistance","Control group biological replicate for breed 266 at time point 36 hours","6baca6fbc058dd671594dbdbf67bc8e2;aa2c0d301618638afcfe137a390265bc","658000608;647826681","ftp.sra.ebi.ac.uk/vol1/fastq/SRR104/016/SRR10482816/SRR10482816_1.fastq.gz;ftp.sra.ebi.ac.uk/vol1/fastq/SRR104/016/SRR10482816/SRR10482816_2.fastq.gz","ftp.sra.ebi.ac.uk/vol1/fastq/SRR104/016/SRR10482816/SRR10482816_1.fastq.gz;ftp.sra.ebi.ac.uk/vol1/fastq/SRR104/016/SRR10482816/SRR10482816_2.fastq.gz","fasp.sra.ebi.ac.uk:/vol1/fastq/SRR104/016/SRR10482816/SRR10482816_1.fastq.gz;fasp.sra.ebi.ac.uk:/vol1/fastq/SRR104/016/SRR10482816/SRR10482816_2.fastq.gz"