gene_id	baseMean	log2FoldChange	lfcSE	pvalue	padj	source_file
LOC111099206	87.39211432	-1.049662	0.40197631	0.0001469485	0.013963234	study5_D26_treatment_control_inj_block.deseq2.results_filtered.tsv
LOC111099206	87.4556201	-1.095134	0.26190732	3.937408e-06	0.000440711	study4and5_D26_treatment_control_inj_block.deseq2.results_filtered.tsv
LOC111099448	13.23471973	-1.491651	0.66882506	4.266998e-05	0.002645539	study4and5_D26_treatment_control_inj_block.deseq2.results_filtered.tsv
LOC111099448	11.11168813	-1.046298	0.89931173	0.0003353862	0.0220523748	study5_D26_treatment_control_inj_block.deseq2.results_filtered.tsv
LOC111099780	21.6520411	-1.798616	0.41596461	5.027901e-07	0.0014580848	study5_D26_treatment_control_inj_block.deseq2.results_filtered.tsv
LOC111099780	21.74611625	-1.626879	0.38478404	3.930857e-07	9.653879e-05	study4and5_D26_treatment_control_inj_block.deseq2.results_filtered.tsv
LOC111100294	89.1927609	-1.306948	0.81902235	0.0001851814	0.0154681306	study5_D26_treatment_control_inj_block.deseq2.results_filtered.tsv
LOC111100294	68.69756714	-1.307348	0.640915	0.0001312877	0.005941465	study4and5_D26_treatment_control_inj_block.deseq2.results_filtered.tsv
LOC111100589	465.75248719	-1.088078	0.38832714	0.0001014214	0.010892178	study5_D26_treatment_control_inj_block.deseq2.results_filtered.tsv
LOC111100589	488.89316926	-1.141693	0.25951019	1.587808e-06	0.0002434254	study4and5_D26_treatment_control_inj_block.deseq2.results_filtered.tsv
LOC111100735	37.10691242	-1.355068	1.03052048	5.423731e-05	0.003083117	study4and5_D26_treatment_control_inj_block.deseq2.results_filtered.tsv
LOC111100735	54.85527729	-1.511554	0.97690789	1.623032e-05	0.0045132234	study5_D26_treatment_control_inj_block.deseq2.results_filtered.tsv
LOC111100813	131.18510737	-1.215519	0.29268566	3.215335e-06	0.0003883775	study4and5_D26_treatment_control_inj_block.deseq2.results_filtered.tsv
LOC111100813	131.25165401	-1.067273	0.42875434	0.0001774885	0.0152201441	study5_D26_treatment_control_inj_block.deseq2.results_filtered.tsv
LOC111101086	122.86776309	-1.531918	0.30636191	2.354203e-08	2.205626e-05	study4and5_D26_treatment_control_inj_block.deseq2.results_filtered.tsv
LOC111101086	119.89082171	-1.494464	0.38686749	5.336419e-06	0.0029432763	study5_D26_treatment_control_inj_block.deseq2.results_filtered.tsv
LOC111101175	39.36696584	-1.017783	0.72549643	0.0007696408	0.0354086409	study5_D26_treatment_control_inj_block.deseq2.results_filtered.tsv
LOC111101175	60.27592442	-1.621983	0.51501947	7.475797e-06	0.0007233082	study4and5_D26_treatment_control_inj_block.deseq2.results_filtered.tsv
LOC111101737	398.72948388	-1.246683	0.41287542	5.564633e-05	0.0081887339	study5_D26_treatment_control_inj_block.deseq2.results_filtered.tsv
LOC111101737	391.73856277	-1.316867	0.2879644	4.48508e-07	0.0001031405	study4and5_D26_treatment_control_inj_block.deseq2.results_filtered.tsv
LOC111101808	233.70283327	-1.240434	0.24137734	4.131687e-08	2.903199e-05	study4and5_D26_treatment_control_inj_block.deseq2.results_filtered.tsv
LOC111101808	225.83977272	-1.206969	0.31845809	1.12595e-05	0.0042170644	study5_D26_treatment_control_inj_block.deseq2.results_filtered.tsv
LOC111102125	272.79284789	-1.111355	0.24847072	1.278619e-06	0.0002113983	study4and5_D26_treatment_control_inj_block.deseq2.results_filtered.tsv
LOC111102125	286.34941769	-1.007611	0.37377501	0.0001307691	0.0129922221	study5_D26_treatment_control_inj_block.deseq2.results_filtered.tsv
LOC111103106	18.67748081	-1.011822	0.83395874	0.0006061502	0.0303529933	study5_D26_treatment_control_inj_block.deseq2.results_filtered.tsv
LOC111103106	15.62652552	-1.292174	0.614688	0.0001399226	0.006223252	study4and5_D26_treatment_control_inj_block.deseq2.results_filtered.tsv
LOC111103149	24.87441408	-1.543127	0.69013775	6.269611e-05	0.0086747562	study5_D26_treatment_control_inj_block.deseq2.results_filtered.tsv
LOC111103149	25.25303963	-1.552922	0.50502278	1.24276e-05	0.001062569	study4and5_D26_treatment_control_inj_block.deseq2.results_filtered.tsv
LOC111103305	245.00241125	-1.284059	0.28512343	6.777925e-07	0.0001356364	study4and5_D26_treatment_control_inj_block.deseq2.results_filtered.tsv
LOC111103305	267.96675125	-1.290473	0.38719053	2.837868e-05	0.0058717835	study5_D26_treatment_control_inj_block.deseq2.results_filtered.tsv
LOC111103338	113.25668546	-1.427731	0.43006273	2.199045e-05	0.005112892	study5_D26_treatment_control_inj_block.deseq2.results_filtered.tsv
LOC111103338	122.3271312	-1.448382	0.32206009	3.521992e-07	9.265743e-05	study4and5_D26_treatment_control_inj_block.deseq2.results_filtered.tsv
LOC111103375	342.00883784	-1.065384	0.30902903	3.47751e-05	0.002255567	study4and5_D26_treatment_control_inj_block.deseq2.results_filtered.tsv
LOC111103375	365.69828709	-1.054162	0.45473271	0.0002387885	0.0181327899	study5_D26_treatment_control_inj_block.deseq2.results_filtered.tsv
LOC111103395	207.40052899	-1.05128	0.46994634	0.0002729869	0.01946255	study5_D26_treatment_control_inj_block.deseq2.results_filtered.tsv
LOC111103395	185.17852525	-1.13427	0.30421898	1.474761e-05	0.001207299	study4and5_D26_treatment_control_inj_block.deseq2.results_filtered.tsv
LOC111103555	73.0987442	-1.237559	0.43509274	7.669844e-05	0.0096566469	study5_D26_treatment_control_inj_block.deseq2.results_filtered.tsv
LOC111103555	61.32074583	-1.335865	0.29761675	5.937573e-07	0.000125164	study4and5_D26_treatment_control_inj_block.deseq2.results_filtered.tsv
LOC111103594	174.84887125	-1.064387	0.41165275	0.0001513399	0.0142111975	study5_D26_treatment_control_inj_block.deseq2.results_filtered.tsv
LOC111103594	170.73232696	-1.058959	0.30519792	3.332543e-05	0.002178295	study4and5_D26_treatment_control_inj_block.deseq2.results_filtered.tsv
LOC111103614	420.80865738	-1.218419	0.3990992	5.478418e-05	0.0081377044	study5_D26_treatment_control_inj_block.deseq2.results_filtered.tsv
LOC111103614	417.29592411	-1.204436	0.29042095	3.387937e-06	0.0003986105	study4and5_D26_treatment_control_inj_block.deseq2.results_filtered.tsv
LOC111103784	101.08182184	-1.513638	0.33918534	2.944043e-07	8.031213e-05	study4and5_D26_treatment_control_inj_block.deseq2.results_filtered.tsv
LOC111103784	105.98971456	-1.548385	0.45337953	1.328057e-05	0.0042760696	study5_D26_treatment_control_inj_block.deseq2.results_filtered.tsv
LOC111103803	326.69065664	-1.232417	0.40684764	5.597532e-05	0.0081887339	study5_D26_treatment_control_inj_block.deseq2.results_filtered.tsv
LOC111103803	337.94422436	-1.183682	0.29132816	4.76795e-06	0.0005176398	study4and5_D26_treatment_control_inj_block.deseq2.results_filtered.tsv
LOC111103873	153.51787378	-1.08097	0.23313042	6.940039e-07	0.0001369846	study4and5_D26_treatment_control_inj_block.deseq2.results_filtered.tsv
LOC111103873	165.44187179	-1.024529	0.34409948	7.703521e-05	0.0096566469	study5_D26_treatment_control_inj_block.deseq2.results_filtered.tsv
LOC111104056	168.38276799	-1.519614	0.32298107	1.006802e-07	4.322674e-05	study4and5_D26_treatment_control_inj_block.deseq2.results_filtered.tsv
LOC111104056	209.8872651	-1.38579	0.44749895	3.677495e-05	0.0065177369	study5_D26_treatment_control_inj_block.deseq2.results_filtered.tsv
LOC111104060	191.40050129	-1.313547	0.39253637	2.649611e-05	0.0057458339	study5_D26_treatment_control_inj_block.deseq2.results_filtered.tsv
LOC111104060	143.05023304	-1.362679	0.29196694	2.481823e-07	7.473833e-05	study4and5_D26_treatment_control_inj_block.deseq2.results_filtered.tsv
LOC111104078	30.79672473	1.460234	0.72386228	5.317495e-05	0.003043243	study4and5_D26_treatment_control_inj_block.deseq2.results_filtered.tsv
LOC111104078	38.07367027	1.214357	0.88547398	0.0002016569	0.0164186568	study5_D26_treatment_control_inj_block.deseq2.results_filtered.tsv
LOC111104143	511.00489365	-1.104473	0.58707458	0.0004099148	0.0245872569	study5_D26_treatment_control_inj_block.deseq2.results_filtered.tsv
LOC111104143	518.27524798	-1.17154	0.40123791	8.23446e-05	0.00426842	study4and5_D26_treatment_control_inj_block.deseq2.results_filtered.tsv
LOC111104165	57.739806	-1.4486	0.28149291	1.718193e-08	1.868903e-05	study4and5_D26_treatment_control_inj_block.deseq2.results_filtered.tsv
LOC111104165	55.14686929	-1.420766	0.3595525	4.951246e-06	0.0029432763	study5_D26_treatment_control_inj_block.deseq2.results_filtered.tsv
LOC111104371	45.66877056	-1.447762	0.29724358	6.695747e-08	3.763902e-05	study4and5_D26_treatment_control_inj_block.deseq2.results_filtered.tsv
LOC111104371	46.6626266	-1.370892	0.35585649	7.254316e-06	0.0035039037	study5_D26_treatment_control_inj_block.deseq2.results_filtered.tsv
LOC111104625	30.69489968	-1.198681	0.73919327	0.000351757	0.0222643841	study5_D26_treatment_control_inj_block.deseq2.results_filtered.tsv
LOC111104625	39.33853686	-1.535027	0.47005428	9.655869e-06	0.0008692344	study4and5_D26_treatment_control_inj_block.deseq2.results_filtered.tsv
LOC111105338	35.4151148	-1.330851	0.69823591	0.0001141884	0.005319538	study4and5_D26_treatment_control_inj_block.deseq2.results_filtered.tsv
LOC111105338	45.27729993	-1.4135	0.84923189	9.60815e-05	0.0106914742	study5_D26_treatment_control_inj_block.deseq2.results_filtered.tsv
LOC111105366	138.55164459	-1.361176	0.37350654	1.254317e-05	0.0042170644	study5_D26_treatment_control_inj_block.deseq2.results_filtered.tsv
LOC111105366	140.44558471	-1.38391	0.28445002	9.159773e-08	4.16799e-05	study4and5_D26_treatment_control_inj_block.deseq2.results_filtered.tsv
LOC111105453	12.33295305	-1.211151	0.54228089	0.0002038867	0.0165404932	study5_D26_treatment_control_inj_block.deseq2.results_filtered.tsv
LOC111105453	13.89334829	-1.295266	0.49478307	8.478343e-05	0.004323955	study4and5_D26_treatment_control_inj_block.deseq2.results_filtered.tsv
LOC111105826	432.98686449	-2.08009	0.44183556	2.223675e-09	7.03126e-06	study4and5_D26_treatment_control_inj_block.deseq2.results_filtered.tsv
LOC111105826	412.67600526	-2.044548	0.49012198	3.162985e-07	0.001426696	study5_D26_treatment_control_inj_block.deseq2.results_filtered.tsv
LOC111105850	99.38192035	-1.355151	0.3117545	9.684944e-07	0.0001725284	study4and5_D26_treatment_control_inj_block.deseq2.results_filtered.tsv
LOC111105850	95.99916546	-1.26914	0.46420041	8.665097e-05	0.0101282477	study5_D26_treatment_control_inj_block.deseq2.results_filtered.tsv
LOC111106130	189.68102212	-1.493176	0.32784	2.224959e-07	7.309425e-05	study4and5_D26_treatment_control_inj_block.deseq2.results_filtered.tsv
LOC111106130	176.44412485	-1.349275	0.46344237	5.484552e-05	0.0081377044	study5_D26_treatment_control_inj_block.deseq2.results_filtered.tsv
LOC111106484	32.70747347	-1.001451	0.84620253	0.0005873869	0.0298103865	study5_D26_treatment_control_inj_block.deseq2.results_filtered.tsv
LOC111106484	48.14177081	-1.144991	0.66440305	0.0003379771	0.01155333	study4and5_D26_treatment_control_inj_block.deseq2.results_filtered.tsv
LOC111106911	74.81764794	-2.07381	0.92385761	2.347043e-06	0.0003158021	study4and5_D26_treatment_control_inj_block.deseq2.results_filtered.tsv
LOC111106911	47.87045459	-1.521365	0.95494585	2.099782e-05	0.0050379143	study5_D26_treatment_control_inj_block.deseq2.results_filtered.tsv
LOC111106912	22.28422508	-2.806882	1.21945851	2.532909e-07	7.482546e-05	study4and5_D26_treatment_control_inj_block.deseq2.results_filtered.tsv
LOC111106912	26.56613265	-1.821687	0.93399837	2.842966e-06	0.0025145119	study5_D26_treatment_control_inj_block.deseq2.results_filtered.tsv
LOC111107208	237.26791492	-1.290401	0.31338284	2.851473e-06	0.0003606543	study4and5_D26_treatment_control_inj_block.deseq2.results_filtered.tsv
LOC111107208	210.12284304	-1.134068	0.5018109	0.000230729	0.0180056428	study5_D26_treatment_control_inj_block.deseq2.results_filtered.tsv
LOC111107543	239.32630969	-1.498986	0.28807893	1.003158e-08	1.335573e-05	study4and5_D26_treatment_control_inj_block.deseq2.results_filtered.tsv
LOC111107543	233.89760542	-1.480812	0.36489702	3.132378e-06	0.0026164639	study5_D26_treatment_control_inj_block.deseq2.results_filtered.tsv
LOC111107827	156.12703877	-1.126043	0.37747047	7.027044e-05	0.0091362508	study5_D26_treatment_control_inj_block.deseq2.results_filtered.tsv
LOC111107827	153.77899978	-1.148342	0.26870644	2.51147e-06	0.000327475	study4and5_D26_treatment_control_inj_block.deseq2.results_filtered.tsv
LOC111108234	111.74834564	-1.168108	0.45251477	0.0001327324	0.0131294441	study5_D26_treatment_control_inj_block.deseq2.results_filtered.tsv
LOC111108234	116.7799353	-1.205327	0.31499535	9.341593e-06	0.0008592906	study4and5_D26_treatment_control_inj_block.deseq2.results_filtered.tsv
LOC111108589	153.91405735	-1.135494	0.39153269	8.084687e-05	0.0096986145	study5_D26_treatment_control_inj_block.deseq2.results_filtered.tsv
LOC111108589	141.68240827	-1.097547	0.27410722	7.060499e-06	0.0006990177	study4and5_D26_treatment_control_inj_block.deseq2.results_filtered.tsv
LOC111109553	245.64498003	-1.069226	0.37621342	9.604987e-05	0.0106914742	study5_D26_treatment_control_inj_block.deseq2.results_filtered.tsv
LOC111109553	252.81261675	-1.071247	0.26289498	5.907063e-06	0.0006098983	study4and5_D26_treatment_control_inj_block.deseq2.results_filtered.tsv
LOC111110008	121.01371558	-1.192802	0.27355844	1.610028e-06	0.0002435259	study4and5_D26_treatment_control_inj_block.deseq2.results_filtered.tsv
LOC111110008	121.45596212	-1.098781	0.40590089	0.0001184073	0.0121383635	study5_D26_treatment_control_inj_block.deseq2.results_filtered.tsv
LOC111110093	146.26391359	-1.099545	0.46447814	0.0002500166	0.009286959	study4and5_D26_treatment_control_inj_block.deseq2.results_filtered.tsv
LOC111110093	115.97121111	-1.165525	0.60959045	0.0003370174	0.0220952105	study5_D26_treatment_control_inj_block.deseq2.results_filtered.tsv
LOC111110683	79.87111688	-1.605852	0.33255719	3.558253e-08	2.673547e-05	study4and5_D26_treatment_control_inj_block.deseq2.results_filtered.tsv
LOC111110683	69.36476123	-1.502171	0.43336373	1.355803e-05	0.0042760696	study5_D26_treatment_control_inj_block.deseq2.results_filtered.tsv
LOC111110905	18.21675765	-1.334211	0.80059116	9.589732e-05	0.004701199	study4and5_D26_treatment_control_inj_block.deseq2.results_filtered.tsv
LOC111110905	25.64986635	-1.49097	0.89675598	4.634008e-05	0.0073084466	study5_D26_treatment_control_inj_block.deseq2.results_filtered.tsv
LOC111110920	481.56340536	-1.298356	0.28206906	4.228621e-07	9.904371e-05	study4and5_D26_treatment_control_inj_block.deseq2.results_filtered.tsv
LOC111110920	481.88483522	-1.245394	0.39535107	4.381437e-05	0.0070081241	study5_D26_treatment_control_inj_block.deseq2.results_filtered.tsv
LOC111111091	90.73652064	-1.693098	0.41450467	1.594185e-06	0.0021118719	study5_D26_treatment_control_inj_block.deseq2.results_filtered.tsv
LOC111111091	98.58364511	-1.735393	0.3465176	6.819168e-09	1.078111e-05	study4and5_D26_treatment_control_inj_block.deseq2.results_filtered.tsv
LOC111111254	112.68197607	1.698171	0.41865237	1.712522e-06	0.0021118719	study5_D26_treatment_control_inj_block.deseq2.results_filtered.tsv
LOC111111254	128.74002231	1.477722	0.36528453	1.663788e-06	0.0002475717	study4and5_D26_treatment_control_inj_block.deseq2.results_filtered.tsv
LOC111111305	656.61114366	1.167378	0.39795741	7.317003e-05	0.0093231848	study5_D26_treatment_control_inj_block.deseq2.results_filtered.tsv
LOC111111305	552.01315678	1.249342	0.27686988	7.36502e-07	0.0001411406	study4and5_D26_treatment_control_inj_block.deseq2.results_filtered.tsv
LOC111111627	37.08689411	-1.170614	0.64801114	0.0002948556	0.01054161	study4and5_D26_treatment_control_inj_block.deseq2.results_filtered.tsv
LOC111111627	28.41579998	-1.0384	0.82832336	0.0005648037	0.0292827984	study5_D26_treatment_control_inj_block.deseq2.results_filtered.tsv
LOC111111816	42.72648046	-1.624909	0.64280576	3.595643e-05	0.0065177369	study5_D26_treatment_control_inj_block.deseq2.results_filtered.tsv
LOC111111816	62.4939668	-1.44545	0.57490643	4.578426e-05	0.002770714	study4and5_D26_treatment_control_inj_block.deseq2.results_filtered.tsv
LOC111112295	187.19822618	-1.281937	0.31282777	3.140706e-06	0.0003856665	study4and5_D26_treatment_control_inj_block.deseq2.results_filtered.tsv
LOC111112295	186.43453836	-1.220768	0.44792599	9.623417e-05	0.0106914742	study5_D26_treatment_control_inj_block.deseq2.results_filtered.tsv
LOC111112418	25.62985531	-1.971451	0.33945231	1.805462e-11	4.567097e-07	study4and5_D26_treatment_control_inj_block.deseq2.results_filtered.tsv
LOC111112418	24.34890921	-1.856941	0.40668957	1.613808e-07	0.0009099055	study5_D26_treatment_control_inj_block.deseq2.results_filtered.tsv
LOC111112580	234.03828394	-1.089564	0.30223385	2.24818e-05	0.001634195	study4and5_D26_treatment_control_inj_block.deseq2.results_filtered.tsv
LOC111112580	217.68588517	-1.156	0.40548003	8.596852e-05	0.0101282477	study5_D26_treatment_control_inj_block.deseq2.results_filtered.tsv
LOC111112848	70.27767599	-1.317293	0.28882497	4.715213e-07	0.0001055995	study4and5_D26_treatment_control_inj_block.deseq2.results_filtered.tsv
LOC111112848	65.12009101	-1.10419	0.44606699	0.0001732689	0.0151229204	study5_D26_treatment_control_inj_block.deseq2.results_filtered.tsv
LOC111113324	45.38020566	-1.376019	0.45343558	4.192697e-05	0.006802727	study5_D26_treatment_control_inj_block.deseq2.results_filtered.tsv
LOC111113324	49.48797911	-1.450437	0.32519561	4.063167e-07	9.739031e-05	study4and5_D26_treatment_control_inj_block.deseq2.results_filtered.tsv
LOC111113346	66.8651105	-1.083172	0.43527078	0.0001743431	0.0151229204	study5_D26_treatment_control_inj_block.deseq2.results_filtered.tsv
LOC111113346	68.39341121	-1.187314	0.28242232	2.913568e-06	0.0003666747	study4and5_D26_treatment_control_inj_block.deseq2.results_filtered.tsv
LOC111114607	84.81036464	-1.452813	0.3567318	1.710217e-06	0.0002517758	study4and5_D26_treatment_control_inj_block.deseq2.results_filtered.tsv
LOC111114607	82.30329181	-1.455571	0.4940557	3.972822e-05	0.0066864959	study5_D26_treatment_control_inj_block.deseq2.results_filtered.tsv
LOC111114659	80.18963596	-1.991993	0.92474775	3.638442e-06	0.0004136628	study4and5_D26_treatment_control_inj_block.deseq2.results_filtered.tsv
LOC111114659	63.66691128	-1.61451	0.92561389	1.618323e-05	0.0045132234	study5_D26_treatment_control_inj_block.deseq2.results_filtered.tsv
LOC111114708	26.64833538	-1.35708	0.64904451	9.734456e-05	0.004735438	study4and5_D26_treatment_control_inj_block.deseq2.results_filtered.tsv
LOC111114708	19.53524181	-1.120401	0.8726556	0.0003226981	0.0215998496	study5_D26_treatment_control_inj_block.deseq2.results_filtered.tsv
LOC111114815	134.0768752	-1.176113	0.53384254	0.0002298817	0.0180056428	study5_D26_treatment_control_inj_block.deseq2.results_filtered.tsv
LOC111114815	119.85467476	-1.265253	0.35874355	1.728759e-05	0.00134556	study4and5_D26_treatment_control_inj_block.deseq2.results_filtered.tsv
LOC111115075	16.56972671	-1.435425	0.34736099	1.509576e-06	0.0002357175	study4and5_D26_treatment_control_inj_block.deseq2.results_filtered.tsv
LOC111115075	15.4715001	-1.538218	0.44566824	1.268846e-05	0.0042170644	study5_D26_treatment_control_inj_block.deseq2.results_filtered.tsv
LOC111115421	174.74424303	-1.548567	0.29063061	4.04206e-09	8.896895e-06	study4and5_D26_treatment_control_inj_block.deseq2.results_filtered.tsv
LOC111115421	170.71249258	-1.493231	0.35612602	1.966448e-06	0.0021118719	study5_D26_treatment_control_inj_block.deseq2.results_filtered.tsv
LOC111115715	127.72557772	-1.21301	0.39450437	5.304582e-05	0.0079756162	study5_D26_treatment_control_inj_block.deseq2.results_filtered.tsv
LOC111115715	117.74440984	-1.2385	0.27471539	7.762247e-07	0.0001454473	study4and5_D26_treatment_control_inj_block.deseq2.results_filtered.tsv
LOC111116005	138.32162052	-1.517791	0.41988127	9.375807e-06	0.0037854769	study5_D26_treatment_control_inj_block.deseq2.results_filtered.tsv
LOC111116005	147.11924043	-1.521798	0.3220854	9.101936e-08	4.16799e-05	study4and5_D26_treatment_control_inj_block.deseq2.results_filtered.tsv
LOC111116029	43.17618473	-1.090381	0.48059742	0.0002452074	0.0183117983	study5_D26_treatment_control_inj_block.deseq2.results_filtered.tsv
LOC111116029	42.79646812	-1.175167	0.31422535	1.294522e-05	0.001091752	study4and5_D26_treatment_control_inj_block.deseq2.results_filtered.tsv
LOC111116214	34.14896092	1.158112	0.88647172	0.0002523926	0.0186629839	study5_D26_treatment_control_inj_block.deseq2.results_filtered.tsv
LOC111116214	30.43260215	1.482696	0.66647035	4.503804e-05	0.002751889	study4and5_D26_treatment_control_inj_block.deseq2.results_filtered.tsv
LOC111116581	127.59511292	-1.231485	0.49750492	0.000138989	0.0133958118	study5_D26_treatment_control_inj_block.deseq2.results_filtered.tsv
LOC111116581	120.27897977	-1.05765	0.38540384	0.0001519316	0.006558467	study4and5_D26_treatment_control_inj_block.deseq2.results_filtered.tsv
LOC111117039	241.71923874	-1.094699	0.29869929	1.902927e-05	0.001449893	study4and5_D26_treatment_control_inj_block.deseq2.results_filtered.tsv
LOC111117039	252.21055407	-1.125406	0.42030532	0.0001205511	0.0121918771	study5_D26_treatment_control_inj_block.deseq2.results_filtered.tsv
LOC111117741	121.73039259	-1.174669	0.86803598	0.0002675849	0.0193424449	study5_D26_treatment_control_inj_block.deseq2.results_filtered.tsv
LOC111117741	107.35653647	-1.104093	0.71977563	0.0003811307	0.01260272	study4and5_D26_treatment_control_inj_block.deseq2.results_filtered.tsv
LOC111117789	75.27694365	-1.741744	0.51210473	2.241427e-06	0.0003098313	study4and5_D26_treatment_control_inj_block.deseq2.results_filtered.tsv
LOC111117789	94.97033022	-1.54786	0.70495381	6.185755e-05	0.0086115636	study5_D26_treatment_control_inj_block.deseq2.results_filtered.tsv
LOC111117861	9.80376291	-2.767177	1.27357455	3.924515e-07	9.653879e-05	study4and5_D26_treatment_control_inj_block.deseq2.results_filtered.tsv
LOC111117861	12.53402989	-2.035871	0.77506531	1.912985e-06	0.0021118719	study5_D26_treatment_control_inj_block.deseq2.results_filtered.tsv
LOC111117983	49.64461605	-1.18736	0.41268452	8.466436e-05	0.004323955	study4and5_D26_treatment_control_inj_block.deseq2.results_filtered.tsv
LOC111117983	43.30421681	-1.087949	0.6236141	0.00049759	0.0272235581	study5_D26_treatment_control_inj_block.deseq2.results_filtered.tsv
LOC111117984	104.06946847	-1.127204	0.25983834	2.080175e-06	0.0002958819	study4and5_D26_treatment_control_inj_block.deseq2.results_filtered.tsv
LOC111117984	101.7372921	-1.033527	0.41401965	0.0001817397	0.0153442548	study5_D26_treatment_control_inj_block.deseq2.results_filtered.tsv
LOC111118000	44.10928241	-1.084272	0.4349686	0.0002170361	0.008417689	study4and5_D26_treatment_control_inj_block.deseq2.results_filtered.tsv
LOC111118000	39.73615643	-1.125264	0.59611419	0.0003860233	0.0235934533	study5_D26_treatment_control_inj_block.deseq2.results_filtered.tsv
LOC111118008	18.73423464	-1.052342	0.75598834	0.0006522097	0.0321163451	study5_D26_treatment_control_inj_block.deseq2.results_filtered.tsv
LOC111118008	19.75926294	-1.460709	0.46211498	1.710648e-05	0.001338963	study4and5_D26_treatment_control_inj_block.deseq2.results_filtered.tsv
LOC111118031	55.2147965	-1.167304	0.77478717	0.000389814	0.0236966969	study5_D26_treatment_control_inj_block.deseq2.results_filtered.tsv
LOC111118031	58.5095535	-1.136084	0.59218115	0.000345484	0.01171496	study4and5_D26_treatment_control_inj_block.deseq2.results_filtered.tsv
LOC111118129	80.80859958	-1.268213	0.54664938	0.0001584048	0.0145816511	study5_D26_treatment_control_inj_block.deseq2.results_filtered.tsv
LOC111118129	88.96674916	-1.267513	0.37352295	2.346854e-05	0.001689491	study4and5_D26_treatment_control_inj_block.deseq2.results_filtered.tsv
LOC111118185	222.32790826	-1.305647	0.37813419	2.148724e-05	0.0050675562	study5_D26_treatment_control_inj_block.deseq2.results_filtered.tsv
LOC111118185	220.65604775	-1.350767	0.28064459	1.343924e-07	5.212635e-05	study4and5_D26_treatment_control_inj_block.deseq2.results_filtered.tsv
LOC111118218	93.51230976	-1.227846	0.49381705	0.0001377612	0.0133919311	study5_D26_treatment_control_inj_block.deseq2.results_filtered.tsv
LOC111118218	132.43586431	-1.101002	0.36608327	8.409418e-05	0.004314901	study4and5_D26_treatment_control_inj_block.deseq2.results_filtered.tsv
LOC111118226	31.67284428	-1.536955	0.63825077	5.843045e-05	0.0083403918	study5_D26_treatment_control_inj_block.deseq2.results_filtered.tsv
LOC111118226	35.14630403	-1.496509	0.46259272	1.247561e-05	0.001062569	study4and5_D26_treatment_control_inj_block.deseq2.results_filtered.tsv
LOC111118797	369.47588647	-1.254831	0.42409832	6.111778e-05	0.0086115636	study5_D26_treatment_control_inj_block.deseq2.results_filtered.tsv
LOC111118797	357.20144722	-1.367043	0.32368513	1.46723e-06	0.0002319174	study4and5_D26_treatment_control_inj_block.deseq2.results_filtered.tsv
LOC111118871	93.39307633	-1.238369	0.36603703	2.781621e-05	0.0058629809	study5_D26_treatment_control_inj_block.deseq2.results_filtered.tsv
LOC111118871	88.10234934	-1.156231	0.29639858	8.528442e-06	0.0008019906	study4and5_D26_treatment_control_inj_block.deseq2.results_filtered.tsv
LOC111119016	100.97460843	-1.286181	0.34182783	8.706457e-06	0.0008126883	study4and5_D26_treatment_control_inj_block.deseq2.results_filtered.tsv
LOC111119016	107.31535622	-1.140252	0.53920068	0.0002800826	0.019739366	study5_D26_treatment_control_inj_block.deseq2.results_filtered.tsv
LOC111119297	446.00409864	-1.208915	0.31497648	8.940098e-06	0.0008283836	study4and5_D26_treatment_control_inj_block.deseq2.results_filtered.tsv
LOC111119297	457.34548412	-1.145814	0.47679319	0.0001821645	0.0153442548	study5_D26_treatment_control_inj_block.deseq2.results_filtered.tsv
LOC111119770	443.92462617	-1.170209	0.32652039	1.98174e-05	0.001474414	study4and5_D26_treatment_control_inj_block.deseq2.results_filtered.tsv
LOC111119770	467.61584651	-1.235089	0.45828794	9.84894e-05	0.0108065383	study5_D26_treatment_control_inj_block.deseq2.results_filtered.tsv
LOC111119808	69.05829881	-1.292086	0.32584429	4.674575e-06	0.0005096899	study4and5_D26_treatment_control_inj_block.deseq2.results_filtered.tsv
LOC111119808	51.65148948	-1.115369	0.49055323	0.0002336465	0.0181327899	study5_D26_treatment_control_inj_block.deseq2.results_filtered.tsv
LOC111119832	59.96520927	-1.293016	0.4516614	6.700696e-05	0.0089952851	study5_D26_treatment_control_inj_block.deseq2.results_filtered.tsv
LOC111119832	45.44241729	-1.135323	0.4498833	0.0001773622	0.007367082	study4and5_D26_treatment_control_inj_block.deseq2.results_filtered.tsv
LOC111119867	165.11759423	-1.092248	0.54083102	0.0003524314	0.0222643841	study5_D26_treatment_control_inj_block.deseq2.results_filtered.tsv
LOC111119867	176.56993665	-1.023384	0.38828519	0.0001985648	0.007932254	study4and5_D26_treatment_control_inj_block.deseq2.results_filtered.tsv
LOC111120088	105.07579694	-1.324762	0.33040702	5.083354e-06	0.0029432763	study5_D26_treatment_control_inj_block.deseq2.results_filtered.tsv
LOC111120088	117.05531411	-1.412846	0.26139378	5.179174e-09	8.896895e-06	study4and5_D26_treatment_control_inj_block.deseq2.results_filtered.tsv
LOC111120093	210.29502636	-1.410707	0.34941528	3.926835e-06	0.0029107955	study5_D26_treatment_control_inj_block.deseq2.results_filtered.tsv
LOC111120093	226.48468199	-1.48616	0.2771417	4.630822e-09	8.896895e-06	study4and5_D26_treatment_control_inj_block.deseq2.results_filtered.tsv
LOC111120232	116.76380553	-1.216837	0.42861042	8.016489e-05	0.0096682291	study5_D26_treatment_control_inj_block.deseq2.results_filtered.tsv
LOC111120232	114.64897832	-1.280404	0.2960475	1.395153e-06	0.000227689	study4and5_D26_treatment_control_inj_block.deseq2.results_filtered.tsv
LOC111120551	117.51164109	-1.180564	0.28252609	3.246385e-06	0.0003891969	study4and5_D26_treatment_control_inj_block.deseq2.results_filtered.tsv
LOC111120551	115.34217389	-1.027631	0.4553316	0.0002726331	0.01946255	study5_D26_treatment_control_inj_block.deseq2.results_filtered.tsv
LOC111120563	329.49872982	-1.204915	0.27490886	1.423975e-06	0.0002278467	study4and5_D26_treatment_control_inj_block.deseq2.results_filtered.tsv
LOC111120563	337.52060396	-1.142858	0.39293386	7.893702e-05	0.0096653957	study5_D26_treatment_control_inj_block.deseq2.results_filtered.tsv
LOC111120567	58.45061309	-1.14054	0.55159794	0.0002980643	0.0204680036	study5_D26_treatment_control_inj_block.deseq2.results_filtered.tsv
LOC111120567	53.55132571	-1.106152	0.38751456	0.0001109162	0.005224833	study4and5_D26_treatment_control_inj_block.deseq2.results_filtered.tsv
LOC111120585	1783.8728191	-1.423851	0.32200133	5.367595e-07	0.000114379	study4and5_D26_treatment_control_inj_block.deseq2.results_filtered.tsv
LOC111120585	1762.48445619	-1.439465	0.42301629	1.809465e-05	0.0046690827	study5_D26_treatment_control_inj_block.deseq2.results_filtered.tsv
LOC111120598	157.3489036	-1.483222	0.36895557	3.498011e-06	0.0027203673	study5_D26_treatment_control_inj_block.deseq2.results_filtered.tsv
LOC111120598	152.16579142	-1.418937	0.29866721	1.335027e-07	5.212635e-05	study4and5_D26_treatment_control_inj_block.deseq2.results_filtered.tsv
LOC111120600	330.01529426	-1.326841	0.28304809	2.617838e-07	7.525096e-05	study4and5_D26_treatment_control_inj_block.deseq2.results_filtered.tsv
LOC111120600	321.77338683	-1.284677	0.38335728	2.761452e-05	0.0058629809	study5_D26_treatment_control_inj_block.deseq2.results_filtered.tsv
LOC111120729	443.26779786	-1.34848	0.34223209	4.106265e-06	0.0004535898	study4and5_D26_treatment_control_inj_block.deseq2.results_filtered.tsv
LOC111120729	446.46767637	-1.493028	0.42383759	1.229886e-05	0.0042170644	study5_D26_treatment_control_inj_block.deseq2.results_filtered.tsv
LOC111120808	750.29313649	-1.564961	0.29682783	4.972141e-09	8.896895e-06	study4and5_D26_treatment_control_inj_block.deseq2.results_filtered.tsv
LOC111120808	722.8730734	-1.572352	0.36357917	1.006538e-06	0.0018446107	study5_D26_treatment_control_inj_block.deseq2.results_filtered.tsv
LOC111120836	157.3222144	-1.029079	0.41176345	0.0001816059	0.0153442548	study5_D26_treatment_control_inj_block.deseq2.results_filtered.tsv
LOC111120836	139.20792501	-1.015419	0.29944266	4.29882e-05	0.002658752	study4and5_D26_treatment_control_inj_block.deseq2.results_filtered.tsv
LOC111120898	148.86896791	-1.291033	0.719298	0.0002304498	0.0180056428	study5_D26_treatment_control_inj_block.deseq2.results_filtered.tsv
LOC111120898	144.52344551	-1.732847	0.48947661	1.711948e-06	0.0002517758	study4and5_D26_treatment_control_inj_block.deseq2.results_filtered.tsv
LOC111121136	85.72683842	-1.310284	0.31519258	3.303241e-06	0.0026606423	study5_D26_treatment_control_inj_block.deseq2.results_filtered.tsv
LOC111121136	87.01057753	-1.278416	0.25249905	5.306139e-08	3.338042e-05	study4and5_D26_treatment_control_inj_block.deseq2.results_filtered.tsv
LOC111121229	643.22661074	-1.5424	0.30134632	1.238066e-08	1.491339e-05	study4and5_D26_treatment_control_inj_block.deseq2.results_filtered.tsv
LOC111121229	577.53127888	-1.409747	0.37883292	9.39949e-06	0.0037854769	study5_D26_treatment_control_inj_block.deseq2.results_filtered.tsv
LOC111121360	170.01001945	-1.30463	0.26280937	7.845417e-08	3.972319e-05	study4and5_D26_treatment_control_inj_block.deseq2.results_filtered.tsv
LOC111121360	170.54804977	-1.225541	0.36033237	2.728466e-05	0.0058604857	study5_D26_treatment_control_inj_block.deseq2.results_filtered.tsv
LOC111121368	165.00990754	-1.56126	0.35025137	2.332384e-07	7.314361e-05	study4and5_D26_treatment_control_inj_block.deseq2.results_filtered.tsv
LOC111121368	160.13717256	-1.532522	0.47259619	1.934361e-05	0.0047609194	study5_D26_treatment_control_inj_block.deseq2.results_filtered.tsv
LOC111121393	361.97531965	-1.400884	0.30406823	2.743142e-07	7.625332e-05	study4and5_D26_treatment_control_inj_block.deseq2.results_filtered.tsv
LOC111121393	353.94810387	-1.346409	0.41543258	3.065096e-05	0.0060936647	study5_D26_treatment_control_inj_block.deseq2.results_filtered.tsv
LOC111121477	99.08247134	-1.138161	0.29588257	1.04568e-05	0.0009248785	study4and5_D26_treatment_control_inj_block.deseq2.results_filtered.tsv
LOC111121477	95.81143096	-1.093411	0.44834445	0.0001865853	0.0155278884	study5_D26_treatment_control_inj_block.deseq2.results_filtered.tsv
LOC111121573	657.49073624	-1.548172	0.39750848	4.258699e-06	0.0029432763	study5_D26_treatment_control_inj_block.deseq2.results_filtered.tsv
LOC111121573	714.07970936	-1.584515	0.31548336	1.587319e-08	1.825128e-05	study4and5_D26_treatment_control_inj_block.deseq2.results_filtered.tsv
LOC111121627	131.93289675	-1.24218	0.37662446	3.295238e-05	0.0062451676	study5_D26_treatment_control_inj_block.deseq2.results_filtered.tsv
LOC111121627	135.71217255	-1.321195	0.27772519	1.955761e-07	6.781659e-05	study4and5_D26_treatment_control_inj_block.deseq2.results_filtered.tsv
LOC111121628	10.52497142	-1.354106	0.3684006	8.596376e-06	0.0008053849	study4and5_D26_treatment_control_inj_block.deseq2.results_filtered.tsv
LOC111121628	11.73476232	-1.222161	0.58906283	0.0002410243	0.0181800066	study5_D26_treatment_control_inj_block.deseq2.results_filtered.tsv
LOC111121830	142.12351837	-2.078805	0.53220016	5.467504e-07	0.0014580848	study5_D26_treatment_control_inj_block.deseq2.results_filtered.tsv
LOC111121830	173.59538468	-2.399919	0.53878633	5.409495e-10	3.420965e-06	study4and5_D26_treatment_control_inj_block.deseq2.results_filtered.tsv
LOC111121849	309.79006379	-1.272831	0.30583654	2.599845e-06	0.0003363038	study4and5_D26_treatment_control_inj_block.deseq2.results_filtered.tsv
LOC111121849	283.72096673	-1.198476	0.44493406	0.0001053078	0.0112559532	study5_D26_treatment_control_inj_block.deseq2.results_filtered.tsv
LOC111121880	198.18272459	-2.146833	0.57150751	5.41033e-08	3.338042e-05	study4and5_D26_treatment_control_inj_block.deseq2.results_filtered.tsv
LOC111121880	238.39561707	-2.151406	0.58844172	5.818633e-07	0.0014580848	study5_D26_treatment_control_inj_block.deseq2.results_filtered.tsv
LOC111121973	114.94168696	-1.666325	0.34827464	3.046832e-08	2.657678e-05	study4and5_D26_treatment_control_inj_block.deseq2.results_filtered.tsv
LOC111121973	110.65956618	-1.493052	0.47709619	2.645002e-05	0.0057458339	study5_D26_treatment_control_inj_block.deseq2.results_filtered.tsv
LOC111122033	41.45995634	-1.907155	0.40516549	8.405397e-09	1.250723e-05	study4and5_D26_treatment_control_inj_block.deseq2.results_filtered.tsv
LOC111122033	50.14442648	-2.002681	0.44761075	1.340291e-07	0.0009099055	study5_D26_treatment_control_inj_block.deseq2.results_filtered.tsv
LOC111122197	100.02313835	-1.65482	0.33852878	2.014424e-08	2.038274e-05	study4and5_D26_treatment_control_inj_block.deseq2.results_filtered.tsv
LOC111122197	96.46173502	-1.634143	0.4356826	4.865145e-06	0.0029432763	study5_D26_treatment_control_inj_block.deseq2.results_filtered.tsv
LOC111122253	29.86643942	-1.086218	0.4403908	0.0001800673	0.0153442548	study5_D26_treatment_control_inj_block.deseq2.results_filtered.tsv
LOC111122253	40.84082659	-1.152823	0.29205129	7.464079e-06	0.0007233082	study4and5_D26_treatment_control_inj_block.deseq2.results_filtered.tsv
LOC111122368	84.16012162	-1.301939	0.31109854	2.164065e-06	0.0003041233	study4and5_D26_treatment_control_inj_block.deseq2.results_filtered.tsv
LOC111122368	86.44117515	-1.340325	0.42655425	3.738386e-05	0.0065177369	study5_D26_treatment_control_inj_block.deseq2.results_filtered.tsv
LOC111122559	114.32597093	-1.215789	0.44002302	9.124161e-05	0.0105776595	study5_D26_treatment_control_inj_block.deseq2.results_filtered.tsv
LOC111122559	98.23433462	-1.334102	0.32986302	3.108879e-06	0.0003853712	study4and5_D26_treatment_control_inj_block.deseq2.results_filtered.tsv
LOC111122588	733.68004348	-1.154785	0.27497085	3.224197e-06	0.0003883775	study4and5_D26_treatment_control_inj_block.deseq2.results_filtered.tsv
LOC111122588	684.26654686	-1.056726	0.43925688	0.0002063616	0.0166593918	study5_D26_treatment_control_inj_block.deseq2.results_filtered.tsv
LOC111122642	395.32215727	-1.232688	0.27125951	6.8097e-07	0.0001356364	study4and5_D26_treatment_control_inj_block.deseq2.results_filtered.tsv
LOC111122642	396.87361272	-1.212842	0.37189007	3.70478e-05	0.0065177369	study5_D26_treatment_control_inj_block.deseq2.results_filtered.tsv
LOC111122684	106.88138079	-1.288345	0.51755943	0.0001199696	0.0121877223	study5_D26_treatment_control_inj_block.deseq2.results_filtered.tsv
LOC111122684	107.60257323	-1.230738	0.36296847	2.657881e-05	0.001831983	study4and5_D26_treatment_control_inj_block.deseq2.results_filtered.tsv
LOC111123007	118.01682354	-1.566135	0.35278907	2.446174e-07	7.455232e-05	study4and5_D26_treatment_control_inj_block.deseq2.results_filtered.tsv
LOC111123007	116.05720556	-1.449152	0.506309	4.605275e-05	0.0073084466	study5_D26_treatment_control_inj_block.deseq2.results_filtered.tsv
LOC111123030	30.08964581	-1.413945	0.69064589	0.0001240116	0.012485865	study5_D26_treatment_control_inj_block.deseq2.results_filtered.tsv
LOC111123030	33.67700348	-1.406204	0.51359	4.339286e-05	0.002677233	study4and5_D26_treatment_control_inj_block.deseq2.results_filtered.tsv
LOC111123228	59.91218493	-1.82452	0.48629048	5.380732e-07	0.000114379	study4and5_D26_treatment_control_inj_block.deseq2.results_filtered.tsv
LOC111123228	61.58801105	-1.743375	0.62025155	1.610352e-05	0.0045132234	study5_D26_treatment_control_inj_block.deseq2.results_filtered.tsv
LOC111123342	284.42382062	-1.232538	0.28068289	1.266943e-06	0.0002108461	study4and5_D26_treatment_control_inj_block.deseq2.results_filtered.tsv
LOC111123342	297.34623765	-1.168201	0.39560111	7.05673e-05	0.0091362508	study5_D26_treatment_control_inj_block.deseq2.results_filtered.tsv
LOC111123358	88.61936209	-1.634658	0.41046237	2.597263e-06	0.0024406696	study5_D26_treatment_control_inj_block.deseq2.results_filtered.tsv
LOC111123358	96.1946874	-1.722793	0.32393474	1.53621e-09	6.476659e-06	study4and5_D26_treatment_control_inj_block.deseq2.results_filtered.tsv
LOC111123416	383.41663381	1.484533	0.33330946	7.770706e-07	0.0017525273	study5_D26_treatment_control_inj_block.deseq2.results_filtered.tsv
LOC111123416	377.06019118	1.017165	0.39776369	0.0002307334	0.008772182	study4and5_D26_treatment_control_inj_block.deseq2.results_filtered.tsv
LOC111123556	258.44419158	-1.483989	0.36367148	2.89883e-06	0.0025145119	study5_D26_treatment_control_inj_block.deseq2.results_filtered.tsv
LOC111123556	271.77292535	-1.496629	0.30221878	3.570575e-08	2.673547e-05	study4and5_D26_treatment_control_inj_block.deseq2.results_filtered.tsv
LOC111123734	1546.72327747	-1.11175	0.66925034	0.0004950136	0.0271834126	study5_D26_treatment_control_inj_block.deseq2.results_filtered.tsv
LOC111123734	1633.80720842	-1.357858	0.42998225	2.730476e-05	0.001869763	study4and5_D26_treatment_control_inj_block.deseq2.results_filtered.tsv
LOC111123791	382.90790857	-1.417375	0.30349111	1.932727e-07	6.781659e-05	study4and5_D26_treatment_control_inj_block.deseq2.results_filtered.tsv
LOC111123791	376.63959018	-1.380704	0.40288595	1.962534e-05	0.0047609194	study5_D26_treatment_control_inj_block.deseq2.results_filtered.tsv
LOC111123910	350.68588357	-1.106712	0.27413176	6.234028e-06	0.0006358709	study4and5_D26_treatment_control_inj_block.deseq2.results_filtered.tsv
LOC111123910	366.38008282	-1.009401	0.43738148	0.0002558237	0.0188300655	study5_D26_treatment_control_inj_block.deseq2.results_filtered.tsv
LOC111124221	132.34217187	-1.535452	0.33301811	1.404623e-07	5.267932e-05	study4and5_D26_treatment_control_inj_block.deseq2.results_filtered.tsv
LOC111124221	128.74037284	-1.583754	0.41760524	5.076116e-06	0.0029432763	study5_D26_treatment_control_inj_block.deseq2.results_filtered.tsv
LOC111124373	47.39534095	-1.212449	0.31798123	9.519302e-06	0.0008652727	study4and5_D26_treatment_control_inj_block.deseq2.results_filtered.tsv
LOC111124373	47.01163118	-1.071498	0.48959459	0.0002857637	0.0199725753	study5_D26_treatment_control_inj_block.deseq2.results_filtered.tsv
LOC111124536	392.08808623	1.22272	0.38085622	4.03884e-05	0.0067227124	study5_D26_treatment_control_inj_block.deseq2.results_filtered.tsv
LOC111124536	316.94774508	1.250653	0.27865116	8.09919e-07	0.0001506449	study4and5_D26_treatment_control_inj_block.deseq2.results_filtered.tsv
LOC111124606	180.8392437	-1.276089	0.26839499	2.342122e-07	7.314361e-05	study4and5_D26_treatment_control_inj_block.deseq2.results_filtered.tsv
LOC111124606	175.7247858	-1.15361	0.38607678	6.745599e-05	0.0090019823	study5_D26_treatment_control_inj_block.deseq2.results_filtered.tsv
LOC111124623	34.92560113	1.12687	0.88969926	0.0002776427	0.0196908041	study5_D26_treatment_control_inj_block.deseq2.results_filtered.tsv
LOC111124623	26.45074719	1.206058	0.71638757	0.0002245014	0.008656994	study4and5_D26_treatment_control_inj_block.deseq2.results_filtered.tsv
LOC111124684	499.24387776	-1.868775	0.32645046	6.202683e-11	7.845153e-07	study4and5_D26_treatment_control_inj_block.deseq2.results_filtered.tsv
LOC111124684	481.20214519	-1.843814	0.37772852	4.219165e-08	0.0004757742	study5_D26_treatment_control_inj_block.deseq2.results_filtered.tsv
LOC111124887	544.1680657	-1.376529	0.28203398	8.782937e-08	4.16799e-05	study4and5_D26_treatment_control_inj_block.deseq2.results_filtered.tsv
LOC111124887	554.94984804	-1.36487	0.37301308	1.201986e-05	0.0042170644	study5_D26_treatment_control_inj_block.deseq2.results_filtered.tsv
LOC111124904	129.88480072	-1.075039	0.24709793	2.220812e-06	0.0003086684	study4and5_D26_treatment_control_inj_block.deseq2.results_filtered.tsv
LOC111124904	129.80387119	-1.092086	0.35099251	5.69493e-05	0.0082331894	study5_D26_treatment_control_inj_block.deseq2.results_filtered.tsv
LOC111124913	479.49209673	-1.076241	0.38190481	9.966567e-05	0.0108065383	study5_D26_treatment_control_inj_block.deseq2.results_filtered.tsv
LOC111124913	529.2468796	-1.20268	0.25441863	3.384481e-07	9.107854e-05	study4and5_D26_treatment_control_inj_block.deseq2.results_filtered.tsv
LOC111124944	251.09198639	-1.491298	0.38123952	4.700663e-06	0.0029432763	study5_D26_treatment_control_inj_block.deseq2.results_filtered.tsv
LOC111124944	205.77225581	-1.570041	0.3050677	9.24857e-09	1.299732e-05	study4and5_D26_treatment_control_inj_block.deseq2.results_filtered.tsv
LOC111124952	48.77430387	-1.283228	0.31588437	3.522782e-06	0.0004050559	study4and5_D26_treatment_control_inj_block.deseq2.results_filtered.tsv
LOC111124952	53.39679735	-1.223453	0.48866017	0.0001354683	0.0132750216	study5_D26_treatment_control_inj_block.deseq2.results_filtered.tsv
LOC111125001	509.8636021	-1.221377	0.40233088	5.627871e-05	0.0081887339	study5_D26_treatment_control_inj_block.deseq2.results_filtered.tsv
LOC111125001	540.82562181	-1.266897	0.28085987	6.985695e-07	0.0001369846	study4and5_D26_treatment_control_inj_block.deseq2.results_filtered.tsv
LOC111125074	133.5838763	-1.481048	0.38086737	5.140655e-06	0.0029432763	study5_D26_treatment_control_inj_block.deseq2.results_filtered.tsv
LOC111125074	135.71607879	-1.537219	0.30427151	1.773152e-08	1.868903e-05	study4and5_D26_treatment_control_inj_block.deseq2.results_filtered.tsv
LOC111125265	38.17104249	-1.435861	1.01402625	1.284799e-05	0.0042170644	study5_D26_treatment_control_inj_block.deseq2.results_filtered.tsv
LOC111125265	27.26951294	-1.969043	1.15199439	5.983235e-06	0.0006127608	study4and5_D26_treatment_control_inj_block.deseq2.results_filtered.tsv
LOC111125323	345.22142404	-1.151298	0.26836239	2.346145e-06	0.0003158021	study4and5_D26_treatment_control_inj_block.deseq2.results_filtered.tsv
LOC111125323	347.85920241	-1.028042	0.42066676	0.0001997446	0.0164186568	study5_D26_treatment_control_inj_block.deseq2.results_filtered.tsv
LOC111125330	502.09944122	-1.107124	0.36618051	6.646263e-05	0.0089756392	study5_D26_treatment_control_inj_block.deseq2.results_filtered.tsv
LOC111125330	453.47406907	-1.097986	0.30035873	1.93798e-05	0.00146064	study4and5_D26_treatment_control_inj_block.deseq2.results_filtered.tsv
LOC111125463	267.87182166	-1.04539	0.4606218	0.0002612284	0.0189470699	study5_D26_treatment_control_inj_block.deseq2.results_filtered.tsv
LOC111125463	259.74576279	-1.000746	0.31599811	7.276591e-05	0.003834763	study4and5_D26_treatment_control_inj_block.deseq2.results_filtered.tsv
LOC111125479	105.06289683	-1.456452	0.32533944	3.690033e-07	9.428592e-05	study4and5_D26_treatment_control_inj_block.deseq2.results_filtered.tsv
LOC111125479	114.10600422	-1.408175	0.45358142	3.44162e-05	0.0064147823	study5_D26_treatment_control_inj_block.deseq2.results_filtered.tsv
LOC111125484	372.59972385	-1.89174	0.34698861	2.374315e-10	2.002023e-06	study4and5_D26_treatment_control_inj_block.deseq2.results_filtered.tsv
LOC111125484	345.27781291	-1.794456	0.40964157	4.142166e-07	0.0014580848	study5_D26_treatment_control_inj_block.deseq2.results_filtered.tsv
LOC111125735	85.30108202	-1.070188	0.38711298	0.0001102582	0.0116198733	study5_D26_treatment_control_inj_block.deseq2.results_filtered.tsv
LOC111125735	92.72004973	-1.153351	0.25835319	1.19285e-06	0.0001998301	study4and5_D26_treatment_control_inj_block.deseq2.results_filtered.tsv
LOC111125740	294.08915294	-1.292333	0.37517384	2.238698e-05	0.005151974	study5_D26_treatment_control_inj_block.deseq2.results_filtered.tsv
LOC111125740	295.28891723	-1.350691	0.28468644	1.843276e-07	6.661073e-05	study4and5_D26_treatment_control_inj_block.deseq2.results_filtered.tsv
LOC111125764	205.43527509	-1.244745	0.38556276	3.771488e-05	0.0065177369	study5_D26_treatment_control_inj_block.deseq2.results_filtered.tsv
LOC111125764	242.34066944	-1.317417	0.28105282	2.718145e-07	7.625332e-05	study4and5_D26_treatment_control_inj_block.deseq2.results_filtered.tsv
LOC111125770	60.0967187	-1.177729	0.71971119	0.0002595347	0.009556318	study4and5_D26_treatment_control_inj_block.deseq2.results_filtered.tsv
LOC111125770	77.84601474	-1.081165	0.88213374	0.0003480521	0.0222643841	study5_D26_treatment_control_inj_block.deseq2.results_filtered.tsv
LOC111125809	283.68463788	-1.170254	0.4325591	0.0001080231	0.0114917184	study5_D26_treatment_control_inj_block.deseq2.results_filtered.tsv
LOC111125809	312.78888349	-1.253145	0.28911206	1.476072e-06	0.0002319174	study4and5_D26_treatment_control_inj_block.deseq2.results_filtered.tsv
LOC111125817	234.55927486	-1.268889	0.59902314	0.0002008927	0.0164186568	study5_D26_treatment_control_inj_block.deseq2.results_filtered.tsv
LOC111125817	291.37074965	-1.320079	0.40278505	2.500532e-05	0.00175754	study4and5_D26_treatment_control_inj_block.deseq2.results_filtered.tsv
LOC111125839	295.54848063	-1.245819	0.24630691	6.10582e-08	3.591926e-05	study4and5_D26_treatment_control_inj_block.deseq2.results_filtered.tsv
LOC111125839	285.55091495	-1.200912	0.31713248	1.144411e-05	0.0042170644	study5_D26_treatment_control_inj_block.deseq2.results_filtered.tsv
LOC111125849	16.06580458	-1.0031	0.80777454	0.0007017268	0.0333179866	study5_D26_treatment_control_inj_block.deseq2.results_filtered.tsv
LOC111125849	19.45649644	-1.068266	0.6297445	0.0005242534	0.01551054	study4and5_D26_treatment_control_inj_block.deseq2.results_filtered.tsv
LOC111125885	126.20766483	-1.01014	0.6109628	0.0006750026	0.0325284896	study5_D26_treatment_control_inj_block.deseq2.results_filtered.tsv
LOC111125885	109.213508	-1.14472	0.40144165	0.0001006013	0.004861411	study4and5_D26_treatment_control_inj_block.deseq2.results_filtered.tsv
LOC111126074	9.1610635	1.576164	0.41681539	5.334979e-06	0.0029432763	study5_D26_treatment_control_inj_block.deseq2.results_filtered.tsv
LOC111126074	6.77970558	1.437033	0.38416152	5.079255e-06	0.000546744	study4and5_D26_treatment_control_inj_block.deseq2.results_filtered.tsv
LOC111126081	176.29449108	-1.220231	0.39391932	5.028619e-05	0.0077308431	study5_D26_treatment_control_inj_block.deseq2.results_filtered.tsv
LOC111126081	182.97689138	-1.267847	0.28228501	7.542967e-07	0.0001423932	study4and5_D26_treatment_control_inj_block.deseq2.results_filtered.tsv
LOC111126154	179.45733779	-1.270239	0.3014663	2.18277e-06	0.0003050572	study4and5_D26_treatment_control_inj_block.deseq2.results_filtered.tsv
LOC111126154	175.83468844	-1.215898	0.42758048	7.96561e-05	0.0096653957	study5_D26_treatment_control_inj_block.deseq2.results_filtered.tsv
LOC111126189	28.09744608	-1.201859	0.40746245	7.108627e-05	0.003763076	study4and5_D26_treatment_control_inj_block.deseq2.results_filtered.tsv
LOC111126189	27.07175519	-1.046476	0.64549605	0.0006296978	0.0312122532	study5_D26_treatment_control_inj_block.deseq2.results_filtered.tsv
LOC111126248	89.76134112	-1.143617	0.47028664	0.0001971061	0.007914278	study4and5_D26_treatment_control_inj_block.deseq2.results_filtered.tsv
LOC111126248	95.99111458	-1.131344	0.66091125	0.0004476732	0.0262243462	study5_D26_treatment_control_inj_block.deseq2.results_filtered.tsv
LOC111126318	9.61736424	-1.28114	0.94434473	8.667369e-05	0.0101282477	study5_D26_treatment_control_inj_block.deseq2.results_filtered.tsv
LOC111126318	12.87868239	-1.572762	0.74289312	2.762826e-05	0.001873685	study4and5_D26_treatment_control_inj_block.deseq2.results_filtered.tsv
LOC111126421	139.48656138	-1.128342	0.73962535	0.0004793	0.0271834126	study5_D26_treatment_control_inj_block.deseq2.results_filtered.tsv
LOC111126421	171.80270837	-1.423932	0.49450597	3.262257e-05	0.002137877	study4and5_D26_treatment_control_inj_block.deseq2.results_filtered.tsv
LOC111126493	130.86517989	1.708827	0.50987637	8.887265e-06	0.0037854769	study5_D26_treatment_control_inj_block.deseq2.results_filtered.tsv
LOC111126493	106.08568066	1.695075	0.39395197	1.957073e-07	6.781659e-05	study4and5_D26_treatment_control_inj_block.deseq2.results_filtered.tsv
LOC111126510	148.57432648	-1.202358	0.42503204	8.349362e-05	0.0099106929	study5_D26_treatment_control_inj_block.deseq2.results_filtered.tsv
LOC111126510	151.5348806	-1.350439	0.28664713	2.145314e-07	7.146248e-05	study4and5_D26_treatment_control_inj_block.deseq2.results_filtered.tsv
LOC111126580	818.50976176	-1.708468	0.3771381	7.180076e-08	3.864408e-05	study4and5_D26_treatment_control_inj_block.deseq2.results_filtered.tsv
LOC111126580	721.01804025	-1.627383	0.47718335	1.05493e-05	0.004102041	study5_D26_treatment_control_inj_block.deseq2.results_filtered.tsv
LOC111126757	540.49084411	-1.142838	0.29562635	9.77802e-06	0.0008771092	study4and5_D26_treatment_control_inj_block.deseq2.results_filtered.tsv
LOC111126757	467.41434229	-1.486179	0.28273864	1.849109e-08	0.0004170295	study5_D26_treatment_control_inj_block.deseq2.results_filtered.tsv
LOC111126787	12.78787302	-1.358102	0.62504326	9.404266e-05	0.004657119	study4and5_D26_treatment_control_inj_block.deseq2.results_filtered.tsv
LOC111126787	13.19383179	-1.057477	0.8563657	0.0004533672	0.0264206454	study5_D26_treatment_control_inj_block.deseq2.results_filtered.tsv
LOC111126847	346.25427862	-1.334398	0.41191566	3.148731e-05	0.0061590427	study5_D26_treatment_control_inj_block.deseq2.results_filtered.tsv
LOC111126847	347.67946654	-1.361466	0.30320114	5.31837e-07	0.000114379	study4and5_D26_treatment_control_inj_block.deseq2.results_filtered.tsv
LOC111126863	48.88645931	-1.53567	0.39087926	4.001005e-06	0.0029107955	study5_D26_treatment_control_inj_block.deseq2.results_filtered.tsv
LOC111126863	55.85969769	-1.653981	0.30873578	1.913893e-09	6.916263e-06	study4and5_D26_treatment_control_inj_block.deseq2.results_filtered.tsv
LOC111126915	157.83758504	-1.583521	0.47292185	1.365127e-05	0.0042760696	study5_D26_treatment_control_inj_block.deseq2.results_filtered.tsv
LOC111126915	129.30008704	-1.04987	0.52959836	0.0004803818	0.01466042	study4and5_D26_treatment_control_inj_block.deseq2.results_filtered.tsv
LOC111127315	247.9368568	-1.197627	0.29218433	4.072762e-06	0.0004518622	study4and5_D26_treatment_control_inj_block.deseq2.results_filtered.tsv
LOC111127315	269.27197638	-1.112592	0.45135839	0.0001741281	0.0151229204	study5_D26_treatment_control_inj_block.deseq2.results_filtered.tsv
LOC111127536	362.64163444	-1.225364	0.27197185	8.190575e-07	0.0001512327	study4and5_D26_treatment_control_inj_block.deseq2.results_filtered.tsv
LOC111127536	358.64140099	-1.188595	0.38321795	5.221792e-05	0.0079572342	study5_D26_treatment_control_inj_block.deseq2.results_filtered.tsv
LOC111127575	48.72546599	-1.297859	0.29021891	7.339449e-07	0.0001411406	study4and5_D26_treatment_control_inj_block.deseq2.results_filtered.tsv
LOC111127575	42.43008448	-1.212264	0.3901809	5.000829e-05	0.0077308431	study5_D26_treatment_control_inj_block.deseq2.results_filtered.tsv
LOC111127614	30.72652783	-1.259743	0.30002467	2.383196e-06	0.0003189699	study4and5_D26_treatment_control_inj_block.deseq2.results_filtered.tsv
LOC111127614	26.81425542	-1.117666	0.49387022	0.0002364752	0.0181327899	study5_D26_treatment_control_inj_block.deseq2.results_filtered.tsv
LOC111127659	89.46383792	-1.392827	0.28350336	7.021427e-08	3.861174e-05	study4and5_D26_treatment_control_inj_block.deseq2.results_filtered.tsv
LOC111127659	84.45584545	-1.402291	0.358278	5.734877e-06	0.0030794923	study5_D26_treatment_control_inj_block.deseq2.results_filtered.tsv
LOC111127768	209.88242407	-1.017867	0.39803946	0.000165899	0.0147387083	study5_D26_treatment_control_inj_block.deseq2.results_filtered.tsv
LOC111127768	219.75609797	-1.164997	0.26392475	1.411156e-06	0.0002278467	study4and5_D26_treatment_control_inj_block.deseq2.results_filtered.tsv
LOC111127860	32.34593483	-1.721097	0.92675322	7.302065e-06	0.0035039037	study5_D26_treatment_control_inj_block.deseq2.results_filtered.tsv
LOC111127860	27.66481281	-2.057425	0.99431013	3.123067e-06	0.0003853712	study4and5_D26_treatment_control_inj_block.deseq2.results_filtered.tsv
LOC111127943	80.31606405	-1.031057	0.22986697	1.427268e-06	0.0002278467	study4and5_D26_treatment_control_inj_block.deseq2.results_filtered.tsv
LOC111127943	83.31714428	-1.037944	0.33731088	6.315766e-05	0.0086853337	study5_D26_treatment_control_inj_block.deseq2.results_filtered.tsv
LOC111128432	420.06446131	-1.161707	0.50529437	0.0002068297	0.0166593918	study5_D26_treatment_control_inj_block.deseq2.results_filtered.tsv
LOC111128432	335.75623062	-1.209075	0.33127072	1.504977e-05	0.001220189	study4and5_D26_treatment_control_inj_block.deseq2.results_filtered.tsv
LOC111128710	14.32587408	-1.175667	0.31416143	1.284482e-05	0.001090344	study4and5_D26_treatment_control_inj_block.deseq2.results_filtered.tsv
LOC111128710	13.84280402	-1.162927	0.47316383	0.0001626332	0.0147303916	study5_D26_treatment_control_inj_block.deseq2.results_filtered.tsv
LOC111129124	65.5428937	-1.352431	0.35022015	5.133748e-06	0.0005502682	study4and5_D26_treatment_control_inj_block.deseq2.results_filtered.tsv
LOC111129124	58.25077994	-1.22646	0.49373187	0.0001386396	0.0133958118	study5_D26_treatment_control_inj_block.deseq2.results_filtered.tsv
LOC111129209	133.17551067	1.499903	0.33242311	2.573456e-07	7.482546e-05	study4and5_D26_treatment_control_inj_block.deseq2.results_filtered.tsv
LOC111129209	153.96262786	1.596719	0.38020135	1.460607e-06	0.0020588175	study5_D26_treatment_control_inj_block.deseq2.results_filtered.tsv
LOC111129374	442.82483679	-1.489801	0.34066424	1.04474e-06	0.0018446107	study5_D26_treatment_control_inj_block.deseq2.results_filtered.tsv
LOC111129374	432.27413739	-1.528017	0.27526644	1.342435e-09	6.476659e-06	study4and5_D26_treatment_control_inj_block.deseq2.results_filtered.tsv
LOC111129376	243.10534269	-1.372471	0.27464731	5.087009e-08	3.299513e-05	study4and5_D26_treatment_control_inj_block.deseq2.results_filtered.tsv
LOC111129376	246.42918969	-1.297934	0.365152	1.738548e-05	0.0045898331	study5_D26_treatment_control_inj_block.deseq2.results_filtered.tsv
LOC111129377	123.33502513	-1.27776	0.39734093	3.660901e-05	0.0065177369	study5_D26_treatment_control_inj_block.deseq2.results_filtered.tsv
LOC111129377	128.3478994	-1.368457	0.30064009	3.994912e-07	9.716855e-05	study4and5_D26_treatment_control_inj_block.deseq2.results_filtered.tsv
LOC111129389	283.66074289	-1.256966	0.32771051	9.301619e-06	0.0037854769	study5_D26_treatment_control_inj_block.deseq2.results_filtered.tsv
LOC111129389	300.98035215	-1.285905	0.24808575	2.801137e-08	2.530628e-05	study4and5_D26_treatment_control_inj_block.deseq2.results_filtered.tsv
LOC111129450	68.41622683	-1.645451	0.3776127	2.147038e-07	7.146248e-05	study4and5_D26_treatment_control_inj_block.deseq2.results_filtered.tsv
LOC111129450	48.82438733	-1.610252	0.46462283	9.968767e-06	0.003944309	study5_D26_treatment_control_inj_block.deseq2.results_filtered.tsv
LOC111129465	107.09382092	-1.413218	0.28446909	4.91771e-08	3.273642e-05	study4and5_D26_treatment_control_inj_block.deseq2.results_filtered.tsv
LOC111129465	107.89566049	-1.333666	0.37007896	1.455493e-05	0.0043767645	study5_D26_treatment_control_inj_block.deseq2.results_filtered.tsv
LOC111129679	155.72447757	-1.166252	0.64415868	0.0003700254	0.0229263242	study5_D26_treatment_control_inj_block.deseq2.results_filtered.tsv
LOC111129679	196.20917965	-1.378959	0.40223326	1.426314e-05	0.001179086	study4and5_D26_treatment_control_inj_block.deseq2.results_filtered.tsv
LOC111129855	221.7982024	-1.226089	0.29648771	3.310482e-06	0.0003931547	study4and5_D26_treatment_control_inj_block.deseq2.results_filtered.tsv
LOC111129855	228.08381229	-1.159002	0.41404398	9.366887e-05	0.0106605003	study5_D26_treatment_control_inj_block.deseq2.results_filtered.tsv
LOC111129936	517.87077779	-1.256985	0.35280004	1.823456e-05	0.0046690827	study5_D26_treatment_control_inj_block.deseq2.results_filtered.tsv
LOC111129936	510.50602698	-1.308603	0.26556766	9.227048e-08	4.16799e-05	study4and5_D26_treatment_control_inj_block.deseq2.results_filtered.tsv
LOC111130011	80.31468442	-1.526874	0.39852045	5.3507e-06	0.0029432763	study5_D26_treatment_control_inj_block.deseq2.results_filtered.tsv
LOC111130011	79.79407311	-1.325335	0.35137455	7.378511e-06	0.0007233082	study4and5_D26_treatment_control_inj_block.deseq2.results_filtered.tsv
LOC111130047	231.56443544	-1.150243	0.42633539	0.000112626	0.0118142093	study5_D26_treatment_control_inj_block.deseq2.results_filtered.tsv
LOC111130047	238.60794696	-1.234656	0.28714086	1.785884e-06	0.0002611313	study4and5_D26_treatment_control_inj_block.deseq2.results_filtered.tsv
LOC111130171	144.95052742	-1.149137	0.43900124	0.0001288889	0.0128620838	study5_D26_treatment_control_inj_block.deseq2.results_filtered.tsv
LOC111130171	147.52434114	-1.245567	0.29344199	2.11506e-06	0.000298897	study4and5_D26_treatment_control_inj_block.deseq2.results_filtered.tsv
LOC111130182	13.79000932	-1.408486	0.51981612	6.452339e-05	0.0088193703	study5_D26_treatment_control_inj_block.deseq2.results_filtered.tsv
LOC111130182	13.61189712	-1.403348	0.35907663	3.620494e-06	0.0004136628	study4and5_D26_treatment_control_inj_block.deseq2.results_filtered.tsv
LOC111130245	160.4609196	-1.105873	0.59028809	0.0004123033	0.0246393252	study5_D26_treatment_control_inj_block.deseq2.results_filtered.tsv
LOC111130245	210.93726407	-1.011486	0.46445916	0.0004276096	0.01365759	study4and5_D26_treatment_control_inj_block.deseq2.results_filtered.tsv
LOC111130289	237.97233304	-1.312473	0.31058633	1.798434e-06	0.000261455	study4and5_D26_treatment_control_inj_block.deseq2.results_filtered.tsv
LOC111130289	233.00730794	-1.1011	0.50785299	0.0002803436	0.019739366	study5_D26_treatment_control_inj_block.deseq2.results_filtered.tsv
LOC111130301	433.11959045	-1.357063	0.28242478	1.359608e-07	5.212635e-05	study4and5_D26_treatment_control_inj_block.deseq2.results_filtered.tsv
LOC111130301	445.12139186	-1.327153	0.37311485	1.640954e-05	0.0045132234	study5_D26_treatment_control_inj_block.deseq2.results_filtered.tsv
LOC111130367	78.14055737	-1.423296	0.67176266	0.00011513	0.0119106779	study5_D26_treatment_control_inj_block.deseq2.results_filtered.tsv
LOC111130367	90.04422567	-1.680825	0.43796883	1.04996e-06	0.0001844431	study4and5_D26_treatment_control_inj_block.deseq2.results_filtered.tsv
LOC111130486	188.13230736	-1.22066	0.27641371	1.192443e-06	0.0001998301	study4and5_D26_treatment_control_inj_block.deseq2.results_filtered.tsv
LOC111130486	183.68278748	-1.159484	0.39868657	7.733458e-05	0.0096566469	study5_D26_treatment_control_inj_block.deseq2.results_filtered.tsv
LOC111130569	74.94956447	-1.484491	0.35688157	2.245695e-06	0.0023021435	study5_D26_treatment_control_inj_block.deseq2.results_filtered.tsv
LOC111130569	79.38186241	-1.456798	0.29095116	3.319501e-08	2.673547e-05	study4and5_D26_treatment_control_inj_block.deseq2.results_filtered.tsv
LOC111130579	107.00469092	-1.423138	0.3335462	1.804854e-06	0.0021118719	study5_D26_treatment_control_inj_block.deseq2.results_filtered.tsv
LOC111130579	104.00798869	-1.404869	0.25900652	4.837757e-09	8.896895e-06	study4and5_D26_treatment_control_inj_block.deseq2.results_filtered.tsv
LOC111130585	86.89346201	-1.320587	0.59372187	0.000153294	0.0142273246	study5_D26_treatment_control_inj_block.deseq2.results_filtered.tsv
LOC111130585	73.75223997	-1.26685	0.41475732	4.712865e-05	0.002836576	study4and5_D26_treatment_control_inj_block.deseq2.results_filtered.tsv
LOC111130620	32.62476837	-1.083452	0.85253593	0.0004210931	0.0249918745	study5_D26_treatment_control_inj_block.deseq2.results_filtered.tsv
LOC111130620	31.1870382	-1.070935	0.67441647	0.0004998835	0.01505363	study4and5_D26_treatment_control_inj_block.deseq2.results_filtered.tsv
LOC111131074	96.23871311	-1.014332	0.91091879	0.0003227575	0.0215998496	study5_D26_treatment_control_inj_block.deseq2.results_filtered.tsv
LOC111131074	88.8452964	-1.492689	0.75855847	4.376255e-05	0.002693473	study4and5_D26_treatment_control_inj_block.deseq2.results_filtered.tsv
LOC111131213	146.793583	-1.225626	0.49330947	0.0001350228	0.006055917	study4and5_D26_treatment_control_inj_block.deseq2.results_filtered.tsv
LOC111131213	111.79530535	-1.116502	0.70875387	0.0005047756	0.0273530874	study5_D26_treatment_control_inj_block.deseq2.results_filtered.tsv
LOC111131580	144.67550003	-1.411548	0.39347294	1.290194e-05	0.0042170644	study5_D26_treatment_control_inj_block.deseq2.results_filtered.tsv
LOC111131580	146.86745043	-1.467302	0.29495708	3.699168e-08	2.673547e-05	study4and5_D26_treatment_control_inj_block.deseq2.results_filtered.tsv
LOC111131613	1351.76581526	1.153176	0.24289952	3.568374e-07	9.265743e-05	study4and5_D26_treatment_control_inj_block.deseq2.results_filtered.tsv
LOC111131613	1425.09669068	1.123868	0.32080614	2.45612e-05	0.0054844423	study5_D26_treatment_control_inj_block.deseq2.results_filtered.tsv
LOC111131799	149.25808748	-1.56187	0.29369098	3.974064e-09	8.896895e-06	study4and5_D26_treatment_control_inj_block.deseq2.results_filtered.tsv
LOC111131799	138.84284147	-1.508484	0.36727998	2.507246e-06	0.0024406696	study5_D26_treatment_control_inj_block.deseq2.results_filtered.tsv
LOC111132291	947.89451994	-1.192104	0.2589903	6.025105e-07	0.0001259595	study4and5_D26_treatment_control_inj_block.deseq2.results_filtered.tsv
LOC111132291	1033.23253887	-1.004247	0.40961101	0.0002013547	0.0164186568	study5_D26_treatment_control_inj_block.deseq2.results_filtered.tsv
LOC111132299	180.29039607	-1.089179	0.59516564	0.0004522262	0.0264206454	study5_D26_treatment_control_inj_block.deseq2.results_filtered.tsv
LOC111132299	216.9802628	-1.233343	0.37001423	2.997754e-05	0.00199032	study4and5_D26_treatment_control_inj_block.deseq2.results_filtered.tsv
LOC111132461	120.4323625	-1.900142	0.47866333	1.06327e-06	0.0018446107	study5_D26_treatment_control_inj_block.deseq2.results_filtered.tsv
LOC111132461	97.7623975	-1.771041	0.4126213	1.243054e-07	5.118912e-05	study4and5_D26_treatment_control_inj_block.deseq2.results_filtered.tsv
LOC111132726	42.60879838	-1.568132	0.58944097	4.053957e-05	0.0067227124	study5_D26_treatment_control_inj_block.deseq2.results_filtered.tsv
LOC111132726	59.64721195	-1.611225	0.40318995	9.654434e-07	0.0001725284	study4and5_D26_treatment_control_inj_block.deseq2.results_filtered.tsv
LOC111132782	223.16105891	-1.684612	0.37067057	7.848345e-08	3.972319e-05	study4and5_D26_treatment_control_inj_block.deseq2.results_filtered.tsv
LOC111132782	197.6720844	-1.79364	0.44094976	1.200226e-06	0.0019334778	study5_D26_treatment_control_inj_block.deseq2.results_filtered.tsv
LOC111133152	137.25906436	-1.326789	0.25898088	3.264264e-08	2.673547e-05	study4and5_D26_treatment_control_inj_block.deseq2.results_filtered.tsv
LOC111133152	126.2566052	-1.232595	0.3393902	1.609666e-05	0.0045132234	study5_D26_treatment_control_inj_block.deseq2.results_filtered.tsv
LOC111133161	117.32455654	-1.349634	0.38248372	1.676255e-05	0.0045272052	study5_D26_treatment_control_inj_block.deseq2.results_filtered.tsv
LOC111133161	119.81266668	-1.308971	0.29051828	6.133779e-07	0.0001271804	study4and5_D26_treatment_control_inj_block.deseq2.results_filtered.tsv
LOC111133183	32.34416276	-1.227419	0.56322192	0.0001858913	0.007595872	study4and5_D26_treatment_control_inj_block.deseq2.results_filtered.tsv
LOC111133183	32.50461925	-1.130011	0.76998505	0.0004615273	0.026689297	study5_D26_treatment_control_inj_block.deseq2.results_filtered.tsv
LOC111133666	262.9855913	-1.029286	0.57625266	0.0005496215	0.0286549941	study5_D26_treatment_control_inj_block.deseq2.results_filtered.tsv
LOC111133666	248.94675031	-1.038577	0.39539436	0.0001951905	0.007874861	study4and5_D26_treatment_control_inj_block.deseq2.results_filtered.tsv
LOC111134314	325.92513057	-1.299623	0.3341523	7.498616e-06	0.0035232559	study5_D26_treatment_control_inj_block.deseq2.results_filtered.tsv
LOC111134314	354.95648994	-1.377383	0.26122977	1.22439e-08	1.491339e-05	study4and5_D26_treatment_control_inj_block.deseq2.results_filtered.tsv
LOC111134321	227.35274956	-1.327908	0.37944086	1.863244e-05	0.0046690827	study5_D26_treatment_control_inj_block.deseq2.results_filtered.tsv
LOC111134321	225.22581159	-1.315772	0.28444836	3.589669e-07	9.265743e-05	study4and5_D26_treatment_control_inj_block.deseq2.results_filtered.tsv
LOC111134473	155.77317322	-1.163129	0.39056837	6.788249e-05	0.0090056109	study5_D26_treatment_control_inj_block.deseq2.results_filtered.tsv
LOC111134473	158.30355696	-1.257018	0.27061499	4.08103e-07	9.739031e-05	study4and5_D26_treatment_control_inj_block.deseq2.results_filtered.tsv
LOC111134614	141.58183225	-1.312871	0.35364312	9.101212e-06	0.0008402345	study4and5_D26_treatment_control_inj_block.deseq2.results_filtered.tsv
LOC111134614	125.01150665	-1.367857	0.50263933	7.065331e-05	0.0091362508	study5_D26_treatment_control_inj_block.deseq2.results_filtered.tsv
LOC111134645	70.24607609	-1.610878	0.45282962	3.377879e-06	0.0003986105	study4and5_D26_treatment_control_inj_block.deseq2.results_filtered.tsv
LOC111134645	67.78065963	-1.264693	0.70938571	0.0002596463	0.0189470699	study5_D26_treatment_control_inj_block.deseq2.results_filtered.tsv
LOC111134664	195.35565037	-1.369295	0.3488659	5.954825e-06	0.0031232367	study5_D26_treatment_control_inj_block.deseq2.results_filtered.tsv
LOC111134664	208.20415633	-1.460107	0.27233177	5.275673e-09	8.896895e-06	study4and5_D26_treatment_control_inj_block.deseq2.results_filtered.tsv
LOC111134759	15.36594962	-1.325088	0.47050315	5.620611e-05	0.003173638	study4and5_D26_treatment_control_inj_block.deseq2.results_filtered.tsv
LOC111134759	16.69018985	-1.331752	0.67790784	0.000183018	0.0153442548	study5_D26_treatment_control_inj_block.deseq2.results_filtered.tsv
LOC111134864	312.35222392	-1.557787	0.51669215	2.625447e-05	0.0057458339	study5_D26_treatment_control_inj_block.deseq2.results_filtered.tsv
LOC111134864	281.30032991	-1.353575	0.42795461	2.753032e-05	0.001872062	study4and5_D26_treatment_control_inj_block.deseq2.results_filtered.tsv
LOC111134888	1106.31249731	-1.056567	0.38590055	0.0001169975	0.0120486072	study5_D26_treatment_control_inj_block.deseq2.results_filtered.tsv
LOC111134888	1070.31568731	-1.111965	0.2686496	4.396254e-06	0.0004814183	study4and5_D26_treatment_control_inj_block.deseq2.results_filtered.tsv
LOC111134972	291.61030521	-1.37232	0.36520721	9.275321e-06	0.0037854769	study5_D26_treatment_control_inj_block.deseq2.results_filtered.tsv
LOC111134972	293.45090646	-1.290581	0.2879456	7.233272e-07	0.0001407484	study4and5_D26_treatment_control_inj_block.deseq2.results_filtered.tsv
LOC111134989	153.16619242	-1.354639	0.27267431	6.322163e-08	3.634669e-05	study4and5_D26_treatment_control_inj_block.deseq2.results_filtered.tsv
LOC111134989	136.2767375	-1.280677	0.35017466	1.406952e-05	0.0042933109	study5_D26_treatment_control_inj_block.deseq2.results_filtered.tsv
LOC111134998	158.31002844	-1.188312	0.33571456	2.111078e-05	0.001547879	study4and5_D26_treatment_control_inj_block.deseq2.results_filtered.tsv
LOC111134998	160.75824224	-1.153819	0.51977912	0.0002353739	0.0181327899	study5_D26_treatment_control_inj_block.deseq2.results_filtered.tsv
LOC111135064	865.69842336	-1.395324	0.30238373	2.723408e-07	7.625332e-05	study4and5_D26_treatment_control_inj_block.deseq2.results_filtered.tsv
LOC111135064	891.25885963	-1.402578	0.39888941	1.544841e-05	0.0045132234	study5_D26_treatment_control_inj_block.deseq2.results_filtered.tsv
LOC111135089	413.6311835	-1.42992	0.37854258	7.797191e-06	0.0035887764	study5_D26_treatment_control_inj_block.deseq2.results_filtered.tsv
LOC111135089	421.02553164	-1.456949	0.29545856	4.800357e-08	3.273642e-05	study4and5_D26_treatment_control_inj_block.deseq2.results_filtered.tsv
LOC111135168	270.09354733	-1.071422	0.35789661	7.24984e-05	0.0092900933	study5_D26_treatment_control_inj_block.deseq2.results_filtered.tsv
LOC111135168	265.12728125	-1.115435	0.2531999	1.652731e-06	0.0002473815	study4and5_D26_treatment_control_inj_block.deseq2.results_filtered.tsv
LOC111135390	53.11933248	-1.181153	0.2612727	8.78279e-07	0.0001598341	study4and5_D26_treatment_control_inj_block.deseq2.results_filtered.tsv
LOC111135390	52.49902983	-1.04946	0.41235775	0.0001646825	0.0147387083	study5_D26_treatment_control_inj_block.deseq2.results_filtered.tsv
LOC111135415	149.54933477	-1.313775	0.50213239	9.413407e-05	0.0106605003	study5_D26_treatment_control_inj_block.deseq2.results_filtered.tsv
LOC111135415	174.50554564	-1.398538	0.33901322	1.821533e-06	0.0002632999	study4and5_D26_treatment_control_inj_block.deseq2.results_filtered.tsv
LOC111135443	126.73501508	-1.174306	0.34583188	2.950477e-05	0.0059947854	study5_D26_treatment_control_inj_block.deseq2.results_filtered.tsv
LOC111135443	126.88727844	-1.224778	0.25528798	2.290191e-07	7.314361e-05	study4and5_D26_treatment_control_inj_block.deseq2.results_filtered.tsv
LOC111135590	89.01419694	-1.197956	0.38798487	5.292367e-05	0.0079756162	study5_D26_treatment_control_inj_block.deseq2.results_filtered.tsv
LOC111135590	91.14939242	-1.246964	0.27636773	7.435863e-07	0.0001414268	study4and5_D26_treatment_control_inj_block.deseq2.results_filtered.tsv
LOC111135829	182.58672651	-1.431036	0.31055344	2.38588e-07	7.360147e-05	study4and5_D26_treatment_control_inj_block.deseq2.results_filtered.tsv
LOC111135829	162.520177	-1.378938	0.41094239	2.2839e-05	0.0052029099	study5_D26_treatment_control_inj_block.deseq2.results_filtered.tsv
LOC111136019	103.58319578	-1.33037	0.3878726	2.157076e-05	0.0050675562	study5_D26_treatment_control_inj_block.deseq2.results_filtered.tsv
LOC111136019	109.89552098	-1.315546	0.2878672	4.56653e-07	0.0001040675	study4and5_D26_treatment_control_inj_block.deseq2.results_filtered.tsv
LOC111136023	51.17291498	-1.327461	0.96157367	6.82564e-05	0.003650347	study4and5_D26_treatment_control_inj_block.deseq2.results_filtered.tsv
LOC111136023	58.91798558	-1.303688	0.96266482	6.171019e-05	0.0086115636	study5_D26_treatment_control_inj_block.deseq2.results_filtered.tsv
LOC111136057	235.26030544	-1.269021	0.26021103	1.360033e-07	5.212635e-05	study4and5_D26_treatment_control_inj_block.deseq2.results_filtered.tsv
LOC111136057	236.59212171	-1.18496	0.36325234	3.838794e-05	0.0065588127	study5_D26_treatment_control_inj_block.deseq2.results_filtered.tsv
LOC111136070	280.76073561	-1.191128	0.25704024	5.285334e-07	0.000114379	study4and5_D26_treatment_control_inj_block.deseq2.results_filtered.tsv
LOC111136070	277.72571087	-1.147193	0.36454802	5.038948e-05	0.0077308431	study5_D26_treatment_control_inj_block.deseq2.results_filtered.tsv
LOC111136075	78.90259747	-1.365419	0.65049485	0.0001473529	0.013963234	study5_D26_treatment_control_inj_block.deseq2.results_filtered.tsv
LOC111136075	80.19036451	-1.541292	0.41729458	3.474154e-06	0.0004014342	study4and5_D26_treatment_control_inj_block.deseq2.results_filtered.tsv
LOC111136156	289.40204332	-1.22789	0.43139841	7.773025e-05	0.0096566469	study5_D26_treatment_control_inj_block.deseq2.results_filtered.tsv
LOC111136156	281.79349295	-1.322292	0.29480992	6.344335e-07	0.0001295802	study4and5_D26_treatment_control_inj_block.deseq2.results_filtered.tsv
LOC111136175	127.83378114	-1.103376	0.39348483	9.944712e-05	0.0108065383	study5_D26_treatment_control_inj_block.deseq2.results_filtered.tsv
LOC111136175	121.8423606	-1.125133	0.27591222	5.245082e-06	0.0005574773	study4and5_D26_treatment_control_inj_block.deseq2.results_filtered.tsv
LOC111136197	211.74214729	-1.330954	0.27619352	1.416111e-07	5.267932e-05	study4and5_D26_treatment_control_inj_block.deseq2.results_filtered.tsv
LOC111136197	209.17264535	-1.315016	0.37165447	1.750213e-05	0.0045898331	study5_D26_treatment_control_inj_block.deseq2.results_filtered.tsv
LOC111136464	101.39830223	-1.096272	0.40539029	0.0001193122	0.0121757801	study5_D26_treatment_control_inj_block.deseq2.results_filtered.tsv
LOC111136464	106.07398438	-1.158854	0.27284204	2.690869e-06	0.0003455239	study4and5_D26_treatment_control_inj_block.deseq2.results_filtered.tsv
LOC111136616	147.71621394	-1.201182	0.27397202	1.432149e-06	0.0002278467	study4and5_D26_treatment_control_inj_block.deseq2.results_filtered.tsv
LOC111136616	152.3754703	-1.145737	0.40749622	9.331961e-05	0.0106605003	study5_D26_treatment_control_inj_block.deseq2.results_filtered.tsv
LOC111136622	66.54018669	-1.098834	0.47169481	0.0002202412	0.0175515915	study5_D26_treatment_control_inj_block.deseq2.results_filtered.tsv
LOC111136622	69.08690423	-1.326313	0.30563427	1.11567e-06	0.0001906891	study4and5_D26_treatment_control_inj_block.deseq2.results_filtered.tsv
LOC111136631	67.52649003	-2.218111	0.89026444	8.735228e-07	0.0001598341	study4and5_D26_treatment_control_inj_block.deseq2.results_filtered.tsv
LOC111136631	70.77890612	-1.811567	0.86268784	6.88136e-06	0.0035039037	study5_D26_treatment_control_inj_block.deseq2.results_filtered.tsv
LOC111136698	41.46751456	-1.326159	0.63635377	0.0001722481	0.0151156107	study5_D26_treatment_control_inj_block.deseq2.results_filtered.tsv
LOC111136698	49.55646141	-1.530269	0.40710936	3.075811e-06	0.0003851769	study4and5_D26_treatment_control_inj_block.deseq2.results_filtered.tsv
LOC111136811	101.82974225	-1.420604	0.29440985	9.399073e-08	4.171209e-05	study4and5_D26_treatment_control_inj_block.deseq2.results_filtered.tsv
LOC111136811	90.02530206	-1.388173	0.39349418	1.552793e-05	0.0045132234	study5_D26_treatment_control_inj_block.deseq2.results_filtered.tsv
LOC111136945	182.70482082	-1.086925	0.24471846	1.527822e-06	0.0002371029	study4and5_D26_treatment_control_inj_block.deseq2.results_filtered.tsv
LOC111136945	172.80175136	-1.014646	0.35745609	0.0001004344	0.0108377796	study5_D26_treatment_control_inj_block.deseq2.results_filtered.tsv
LOC111137068	525.1143265	-1.392795	0.28622853	8.780681e-08	4.16799e-05	study4and5_D26_treatment_control_inj_block.deseq2.results_filtered.tsv
LOC111137068	497.59130454	-1.351206	0.37043012	1.268874e-05	0.0042170644	study5_D26_treatment_control_inj_block.deseq2.results_filtered.tsv
LOC111137096	182.42073444	-1.334009	0.36435194	1.268795e-05	0.0042170644	study5_D26_treatment_control_inj_block.deseq2.results_filtered.tsv
LOC111137096	176.06438426	-1.360968	0.27847783	9.092437e-08	4.16799e-05	study4and5_D26_treatment_control_inj_block.deseq2.results_filtered.tsv
LOC111137133	122.10757684	-1.278457	0.24397546	2.142609e-08	2.084593e-05	study4and5_D26_treatment_control_inj_block.deseq2.results_filtered.tsv
LOC111137133	122.57883631	-1.197702	0.32316872	1.408704e-05	0.0042933109	study5_D26_treatment_control_inj_block.deseq2.results_filtered.tsv
LOC111137169	331.72050566	-1.201221	0.25952323	5.249791e-07	0.000114379	study4and5_D26_treatment_control_inj_block.deseq2.results_filtered.tsv
LOC111137169	331.51348747	-1.078074	0.3787314	9.453732e-05	0.0106605003	study5_D26_treatment_control_inj_block.deseq2.results_filtered.tsv
LOC111137216	267.15602249	-1.126665	0.24888161	9.896281e-07	0.0001750604	study4and5_D26_treatment_control_inj_block.deseq2.results_filtered.tsv
LOC111137216	257.48038707	-1.051205	0.35477432	7.792798e-05	0.0096566469	study5_D26_treatment_control_inj_block.deseq2.results_filtered.tsv
LOC111137274	68.52362691	1.525698	0.71012354	7.005416e-05	0.0091362508	study5_D26_treatment_control_inj_block.deseq2.results_filtered.tsv
LOC111137274	57.1431538	1.842517	0.50517639	6.403195e-07	0.0001295802	study4and5_D26_treatment_control_inj_block.deseq2.results_filtered.tsv
LOC111137307	206.82638165	-1.11917	0.32210484	2.931057e-05	0.001956307	study4and5_D26_treatment_control_inj_block.deseq2.results_filtered.tsv
LOC111137307	227.88100726	-1.090767	0.49478725	0.0002703309	0.0194164766	study5_D26_treatment_control_inj_block.deseq2.results_filtered.tsv
LOC111137344	26.64509144	1.391163	0.48214118	3.773706e-05	0.002404526	study4and5_D26_treatment_control_inj_block.deseq2.results_filtered.tsv
LOC111137344	31.95564538	1.604676	0.6225153	3.785853e-05	0.0065177369	study5_D26_treatment_control_inj_block.deseq2.results_filtered.tsv
LOC111137576	71.21727775	-1.562451	0.36079159	3.842799e-07	9.624498e-05	study4and5_D26_treatment_control_inj_block.deseq2.results_filtered.tsv
LOC111137576	63.94844366	-1.48441	0.48882049	3.167867e-05	0.0061590427	study5_D26_treatment_control_inj_block.deseq2.results_filtered.tsv
LOC111137884	63.4838034	-1.01681	0.28640425	2.90721e-05	0.001950347	study4and5_D26_treatment_control_inj_block.deseq2.results_filtered.tsv
LOC111137884	65.2168489	-1.016922	0.43413985	0.0002395944	0.0181327899	study5_D26_treatment_control_inj_block.deseq2.results_filtered.tsv
LOC111137947	152.12036655	-1.389018	0.35203315	3.426489e-06	0.0003994307	study4and5_D26_treatment_control_inj_block.deseq2.results_filtered.tsv
LOC111137947	137.57951838	-1.162609	0.56436827	0.0002860436	0.0199725753	study5_D26_treatment_control_inj_block.deseq2.results_filtered.tsv
LOC111137960	82.03508872	-1.279952	0.3365887	7.940138e-06	0.0007579386	study4and5_D26_treatment_control_inj_block.deseq2.results_filtered.tsv
LOC111137960	87.99612389	-1.117158	0.52748836	0.000292405	0.0202288651	study5_D26_treatment_control_inj_block.deseq2.results_filtered.tsv
LOC111138059	726.55007778	-1.204817	0.2323678	3.670858e-08	2.673547e-05	study4and5_D26_treatment_control_inj_block.deseq2.results_filtered.tsv
LOC111138059	647.80706641	-1.078566	0.33071121	4.268373e-05	0.0068760445	study5_D26_treatment_control_inj_block.deseq2.results_filtered.tsv
LOC111138063	645.22321524	-1.00627	0.43805297	0.0002612752	0.0189470699	study5_D26_treatment_control_inj_block.deseq2.results_filtered.tsv
LOC111138063	623.71125421	-1.021744	0.30757487	5.004007e-05	0.002943753	study4and5_D26_treatment_control_inj_block.deseq2.results_filtered.tsv
LOC111138112	289.89752915	-1.082637	0.29433362	1.878564e-05	0.001446028	study4and5_D26_treatment_control_inj_block.deseq2.results_filtered.tsv
LOC111138112	269.96107131	-1.065208	0.42762794	0.0001773987	0.0152201441	study5_D26_treatment_control_inj_block.deseq2.results_filtered.tsv
LOC111138209	113.33806325	-1.575399	0.4190958	2.420696e-06	0.0003205965	study4and5_D26_treatment_control_inj_block.deseq2.results_filtered.tsv
LOC111138209	108.52316258	-1.640459	0.54384593	1.963222e-05	0.0047609194	study5_D26_treatment_control_inj_block.deseq2.results_filtered.tsv
LOC111138274	186.25170744	-1.335939	0.2704912	7.851674e-08	3.972319e-05	study4and5_D26_treatment_control_inj_block.deseq2.results_filtered.tsv
LOC111138274	175.40492485	-1.210059	0.37724807	4.136027e-05	0.0067594074	study5_D26_treatment_control_inj_block.deseq2.results_filtered.tsv
LOC111138334	607.14269715	-1.158576	0.25867238	1.108907e-06	0.0001906891	study4and5_D26_treatment_control_inj_block.deseq2.results_filtered.tsv
LOC111138334	574.3325859	-1.029166	0.39542504	0.00015186	0.0142111975	study5_D26_treatment_control_inj_block.deseq2.results_filtered.tsv
LOC111138395	95.29509908	-1.372358	0.46822771	5.036126e-05	0.0077308431	study5_D26_treatment_control_inj_block.deseq2.results_filtered.tsv
LOC111138395	106.90818813	-1.385256	0.33067476	1.539186e-06	0.0002374101	study4and5_D26_treatment_control_inj_block.deseq2.results_filtered.tsv
